<benchmark>
  <entries>
    <entry category="University" eid="Id1" size="3">
      <originaltripleset>
        <otriple>1_Decembrie_1918_University,_Alba_Iulia | latinName | "Universitas Apulensis"@en</otriple>
        <otriple>1_Decembrie_1918_University,_Alba_Iulia | country | Romania</otriple>
        <otriple>1_Decembrie_1918_University,_Alba_Iulia | state | Alba</otriple>
      </originaltripleset>
      <modifiedtripleset>
        <mtriple>1_Decembrie_1918_University | latinName | "Universitas Apulensis"</mtriple>
        <mtriple>1_Decembrie_1918_University | country | Romania</mtriple>
        <mtriple>1_Decembrie_1918_University | state | Alba</mtriple>
      </modifiedtripleset>
      <lex comment="good" lid="Id1">1 Decembrie 1918 University is located in Alba, Romania and its Latin name is "Universitas Apulensis".</lex>
      <lex comment="good" lid="Id2">The 1 Decembrie 1918 University is located in the state of Alba, Romania. The latin name for this university is "Universitas Apulensis".</lex>
      <lex comment="good" lid="Id3">The Latin name of 1 Decembrie 1918 University in Alba, Romania, is Universitas Apulensis.</lex>
    </entry>
    <entry category="University" eid="Id2" size="3">
      <originaltripleset>
        <otriple>1_Decembrie_1918_University,_Alba_Iulia | nickname | Uab</otriple>
        <otriple>1_Decembrie_1918_University,_Alba_Iulia | city | Alba_Iulia</otriple>
        <otriple>1_Decembrie_1918_University,_Alba_Iulia | state | Alba</otriple>
      </originaltripleset>
      <modifiedtripleset>
        <mtriple>1_Decembrie_1918_University | nickname | Uab</mtriple>
        <mtriple>1_Decembrie_1918_University | city | Alba_Iulia</mtriple>
        <mtriple>1_Decembrie_1918_University | state | Alba</mtriple>
      </modifiedtripleset>
      <lex comment="good" lid="Id1">The 1 Decembrie 1918 University is located in Alba lulia, Alba. Its nickname is Uab.</lex>
      <lex comment="good" lid="Id2">The nickname of the 1 Decembrie 1918 University in Alba Iulia, Alba, is Uab.</lex>
      <lex comment="good" lid="Id3">The 1 Decembrie 1918 University is also known as Uab and located in Alba Iulia, Alba.</lex>
    </entry>
    <entry category="University" eid="Id3" size="3">
      <originaltripleset>
        <otriple>1_Decembrie_1918_University,_Alba_Iulia | nickname | Uab</otriple>
        <otriple>1_Decembrie_1918_University,_Alba_Iulia | rector | "Breaz Valer Daniel"@en</otriple>
        <otriple>1_Decembrie_1918_University,_Alba_Iulia | latinName | "Universitas Apulensis"@en</otriple>
      </originaltripleset>
      <modifiedtripleset>
        <mtriple>1_Decembrie_1918_University | nickname | Uab</mtriple>
        <mtriple>1_Decembrie_1918_University | rector | "Breaz Valer Daniel"</mtriple>
        <mtriple>1_Decembrie_1918_University | latinName | "Universitas Apulensis"</mtriple>
      </modifiedtripleset>
      <lex comment="good" lid="Id1">The nickname of the 1 Decembrie 1918 University is Uab. The latin name is "Universitas Apulensis" and the rector is Breaz Valer Daniel.</lex>
      <lex comment="good" lid="Id2">1 Decembrie 1918 University is known informally as Uab and the latin name is Universitas Apulensis. The recor is Breaz Valer Daniel.</lex>
    </entry>
    <entry category="University" eid="Id4" size="3">
      <originaltripleset>
        <otriple>1_Decembrie_1918_University,_Alba_Iulia | rector | "Breaz Valer Daniel"@en</otriple>
        <otriple>1_Decembrie_1918_University,_Alba_Iulia | city | Alba_Iulia</otriple>
        <otriple>1_Decembrie_1918_University,_Alba_Iulia | country | Romania</otriple>
      </originaltripleset>
      <modifiedtripleset>
        <mtriple>1_Decembrie_1918_University | rector | "Breaz Valer Daniel"</mtriple>
        <mtriple>1_Decembrie_1918_University | city | Alba_Iulia</mtriple>
        <mtriple>1_Decembrie_1918_University | country | Romania</mtriple>
      </modifiedtripleset>
      <lex comment="good" lid="Id1">1 Decembrie 1918 University is located in Alba Iulia, Romania and its rector is Breaz Valer Daniel.</lex>
      <lex comment="good" lid="Id2">The rector of 1 Decembrie 1918 University in Alba Iulia in Romania is Breaz Valer Daniel.</lex>
      <lex comment="good" lid="Id3">The rector of 1 Decembrie 1918 University, in Alba Iulia, Romania, is Breaz Valer Daniel.</lex>
    </entry>
    <entry category="University" eid="Id5" size="3">
      <originaltripleset>
        <otriple>AWH_Engineering_College | facultySize | "250"^^xsd:nonNegativeInteger</otriple>
        <otriple>AWH_Engineering_College | state | Kerala</otriple>
        <otriple>AWH_Engineering_College | city | "Kuttikkattoor"@en</otriple>
      </originaltripleset>
      <modifiedtripleset>
        <mtriple>AWH_Engineering_College | academicStaffSize | 250</mtriple>
        <mtriple>AWH_Engineering_College | state | Kerala</mtriple>
        <mtriple>AWH_Engineering_College | city | "Kuttikkattoor"</mtriple>
      </modifiedtripleset>
      <lex comment="good" lid="Id1">The AWH Engineering College is located in Kuttikkattoor, Kerala and it has 250 academic staff.</lex>
      <lex comment="good" lid="Id2">There is an academic staff of 250 at the AWH Engineering College which is located in Kuttikkattoor in the state of Kerala.</lex>
      <lex comment="good" lid="Id3">AWH Engineering College is located in Kuttikkattoor, Kerala and has a staff of 250.</lex>
    </entry>
    <entry category="University" eid="Id6" size="3">
      <originaltripleset>
        <otriple>AWH_Engineering_College | country | India</otriple>
        <otriple>AWH_Engineering_College | established | 2001</otriple>
        <otriple>AWH_Engineering_College | facultySize | "250"^^xsd:nonNegativeInteger</otriple>
      </originaltripleset>
      <modifiedtripleset>
        <mtriple>AWH_Engineering_College | country | India</mtriple>
        <mtriple>AWH_Engineering_College | established | 2001</mtriple>
        <mtriple>AWH_Engineering_College | academicStaffSize | 250</mtriple>
      </modifiedtripleset>
      <lex comment="good" lid="Id1">The AWH Engineering College was established in India in 2001 and has 250 academic staff.</lex>
      <lex comment="good" lid="Id2">AWH Engineering College was established in 2001 and is located in India. It currently has 250 members of staff.</lex>
    </entry>
    <entry category="University" eid="Id7" size="3">
      <originaltripleset>
        <otriple>AWH_Engineering_College | country | India</otriple>
        <otriple>AWH_Engineering_College | established | 2001</otriple>
        <otriple>AWH_Engineering_College | city | "Kuttikkattoor"@en</otriple>
      </originaltripleset>
      <modifiedtripleset>
        <mtriple>AWH_Engineering_College | country | India</mtriple>
        <mtriple>AWH_Engineering_College | established | 2001</mtriple>
        <mtriple>AWH_Engineering_College | city | "Kuttikkattoor"</mtriple>
      </modifiedtripleset>
      <lex comment="good" lid="Id1">AWH Engineering College was established in 2001 in Kuttikkattoor, India.</lex>
      <lex comment="good" lid="Id2">Kuttikkattoor, India is the location of the AWH Engineering College which was established in 2001.</lex>
      <lex comment="good" lid="Id3">The AWH Engineering College was established in 2001 in Kuttikkattoor, India.</lex>
    </entry>
    <entry category="University" eid="Id8" size="3">
      <originaltripleset>
        <otriple>AWH_Engineering_College | country | India</otriple>
        <otriple>AWH_Engineering_College | state | Kerala</otriple>
        <otriple>Kerala | northwest | Mahé,_India</otriple>
      </originaltripleset>
      <modifiedtripleset>
        <mtriple>AWH_Engineering_College | country | India</mtriple>
        <mtriple>AWH_Engineering_College | state | Kerala</mtriple>
        <mtriple>Kerala | has to its northwest | Mahé,_India</mtriple>
      </modifiedtripleset>
      <lex comment="good" lid="Id1">AWH Engineering College is located in Kerala, India. Kerala has Mahe, India to its northwest.</lex>
      <lex comment="good" lid="Id2">The AWH Engineering College is located in the state of Kerala in India which is southeast of Mahe, India.</lex>
      <lex comment="good" lid="Id3">AWH Engineering College is located in Kerala, India which is southeast of Mahe.</lex>
    </entry>
    <entry category="University" eid="Id9" size="3">
      <originaltripleset>
        <otriple>AWH_Engineering_College | established | 2001</otriple>
        <otriple>AWH_Engineering_College | faculty | 250</otriple>
        <otriple>AWH_Engineering_College | state | Kerala</otriple>
      </originaltripleset>
      <modifiedtripleset>
        <mtriple>AWH_Engineering_College | established | 2001</mtriple>
        <mtriple>AWH_Engineering_College | academicStaffSize | 250</mtriple>
        <mtriple>AWH_Engineering_College | state | Kerala</mtriple>
      </modifiedtripleset>
      <lex comment="good" lid="Id1">There are 250 academic staff at the AWH Engineering College in the state of Kerala. The College was established in 2001.</lex>
      <lex comment="good" lid="Id2">AWH Engineering College was established in 2001 in Kerala. It has an academic staff of 250.</lex>
      <lex comment="good" lid="Id3">The AWH Engineering College was established in 2001 in Kerala and has a staff compliment of 250.</lex>
    </entry>
    <entry category="University" eid="Id10" size="3">
      <originaltripleset>
        <otriple>Accademia_di_Architettura_di_Mendrisio | city | Mendrisio</otriple>
        <otriple>Accademia_di_Architettura_di_Mendrisio | numberOfStudents | "600"^^xsd:nonNegativeInteger</otriple>
        <otriple>Accademia_di_Architettura_di_Mendrisio | faculty | 100</otriple>
      </originaltripleset>
      <originaltripleset>
        <otriple>Accademia_di_Architettura_di_Mendrisio | students | 600</otriple>
        <otriple>Accademia_di_Architettura_di_Mendrisio | city | Mendrisio</otriple>
        <otriple>Accademia_di_Architettura_di_Mendrisio | faculty | 100</otriple>
      </originaltripleset>
      <modifiedtripleset>
        <mtriple>Accademia_di_Architettura_di_Mendrisio | city | Mendrisio</mtriple>
        <mtriple>Accademia_di_Architettura_di_Mendrisio | numberOfStudents | 600</mtriple>
        <mtriple>Accademia_di_Architettura_di_Mendrisio | academicStaffSize | 100</mtriple>
      </modifiedtripleset>
      <lex comment="good" lid="Id1">The Accademia di Architettura di Mendrisio is in Mendrisio. It has 600 students and an academic staff of 100.</lex>
      <lex comment="good" lid="Id2">The Accademia di Architettura di Mendrisio has a staff compliment of 100 and 600 students.</lex>
      <lex comment="good" lid="Id3">The Accademia di Architettura di Mendrisio is located in the city of Mendrisio. It has an academic staff of 100 and a total of 600 students.</lex>
    </entry>
    <entry category="University" eid="Id11" size="3">
      <originaltripleset>
        <otriple>Accademia_di_Architettura_di_Mendrisio | country | Switzerland</otriple>
        <otriple>Accademia_di_Architettura_di_Mendrisio | facultySize | "100"^^xsd:nonNegativeInteger</otriple>
        <otriple>Switzerland | leaderName | Johann_Schneider-Ammann</otriple>
      </originaltripleset>
      <modifiedtripleset>
        <mtriple>Accademia_di_Architettura_di_Mendrisio | country | Switzerland</mtriple>
        <mtriple>Accademia_di_Architettura_di_Mendrisio | academicStaffSize | 100</mtriple>
        <mtriple>Switzerland | leaderName | Johann_Schneider-Ammann</mtriple>
      </modifiedtripleset>
      <lex comment="good" lid="Id1">Accademia di Architettura in Switzerland has 100 academic staff. Switzerland's leader is Johann Schneider-Ammann.</lex>
      <lex comment="good" lid="Id2">The Accademia di Architettura di Mendrisio has 100 academic staff and is located in Switzerland where Johann Schneider-Ammann is the country's leader.</lex>
      </entry>
    <entry category="University" eid="Id12" size="3">
      <originaltripleset>
        <otriple>Accademia_di_Architettura_di_Mendrisio | country | Switzerland</otriple>
        <otriple>Accademia_di_Architettura_di_Mendrisio | city | Mendrisio</otriple>
        <otriple>Switzerland | legislature | Federal_Assembly_(Switzerland)</otriple>
      </originaltripleset>
      <modifiedtripleset>
        <mtriple>Accademia_di_Architettura_di_Mendrisio | country | Switzerland</mtriple>
        <mtriple>Accademia_di_Architettura_di_Mendrisio | city | Mendrisio</mtriple>
        <mtriple>Switzerland | legislature | Federal_Assembly_(Switzerland)</mtriple>
      </modifiedtripleset>
      <lex comment="good" lid="Id1">The Accademia di Architettura di Mendrisio is located in Mendrisio, Switzerland. Switzerland's legislature is the Federal Assembly.</lex>
      <lex comment="good" lid="Id2">The Federal Assembly is the legislature of Switzerland where the Accademia di Architettura di Mendrisio is located in the city of Mendrisio,.</lex>
      <lex comment="good" lid="Id3">Accademia di Architettura di Mendrisio is located in Medrisio, Switzerland which has a ferderal assembly.</lex>
    </entry>
    <entry category="University" eid="Id13" size="3">
      <originaltripleset>
        <otriple>Accademia_di_Architettura_di_Mendrisio | country | Switzerland</otriple>
        <otriple>Accademia_di_Architettura_di_Mendrisio | established | 1996</otriple>
        <otriple>Accademia_di_Architettura_di_Mendrisio | faculty | 100</otriple>
      </originaltripleset>
      <modifiedtripleset>
        <mtriple>Accademia_di_Architettura_di_Mendrisio | country | Switzerland</mtriple>
        <mtriple>Accademia_di_Architettura_di_Mendrisio | established | 1996</mtriple>
        <mtriple>Accademia_di_Architettura_di_Mendrisio | academicStaffSize | 100</mtriple>
      </modifiedtripleset>
      <lex comment="good" lid="Id1">The Accadmia di Architettura di Mendrisio was established in Switzerland in 1996. It has 100 academic staff.</lex>
      <lex comment="good" lid="Id2">The Accademia di Architettura di Mendrisio was established in Switzerland in 1996 and has 100 academic staff.</lex>
      <lex comment="good" lid="Id3">Accademia di Architettura di Mendrisio in Switzerland was established in 1996 and has a staff of 100.</lex>
    </entry>
    <entry category="University" eid="Id14" size="3">
      <originaltripleset>
        <otriple>Accademia_di_Architettura_di_Mendrisio | country | Switzerland</otriple>
        <otriple>Accademia_di_Architettura_di_Mendrisio | students | 600</otriple>
        <otriple>Accademia_di_Architettura_di_Mendrisio | city | Mendrisio</otriple>
      </originaltripleset>
      <modifiedtripleset>
        <mtriple>Accademia_di_Architettura_di_Mendrisio | country | Switzerland</mtriple>
        <mtriple>Accademia_di_Architettura_di_Mendrisio | numberOfStudents | 600</mtriple>
        <mtriple>Accademia_di_Architettura_di_Mendrisio | city | Mendrisio</mtriple>
      </modifiedtripleset>
      <lex comment="good" lid="Id1">Accademia di Architettura di Mendrisio is located in Mendrisio, Switzerland and has 600 students.</lex>
      <lex comment="good" lid="Id2">The Accademia di Architettura di Mendrisio is in Mendrisio, Switzerland. It has 600 students.</lex>
      <lex comment="good" lid="Id3">The Accademia di Architettura di Mendrisio in Switzerland, Mendrisio has a student count of 600.</lex>
    </entry>
    <entry category="University" eid="Id15" size="3">
      <originaltripleset>
        <otriple>Accademia_di_Architettura_di_Mendrisio | country | Switzerland</otriple>
        <otriple>Switzerland | anthem | Swiss_Psalm</otriple>
        <otriple>Switzerland | leader | Johann_Schneider-Ammann</otriple>
      </originaltripleset>
      <modifiedtripleset>
        <mtriple>Accademia_di_Architettura_di_Mendrisio | country | Switzerland</mtriple>
        <mtriple>Switzerland | anthem | Swiss_Psalm</mtriple>
        <mtriple>Switzerland | leaderName | Johann_Schneider-Ammann</mtriple>
      </modifiedtripleset>
      <lex comment="good" lid="Id1">The Accademia di Architettura di Mendrisio is in Switzerland. The Swiss anthem is the Swiss Psalm and its leader is Johann Schneider-Ammann.</lex>
      <lex comment="good" lid="Id2">Accademia di Architettura di Mendrisio is located in Switzerland. The country's leader is Johann Schneider-Ammann and their national anthem is the Swiss Psalm.</lex>
    </entry>
    <entry category="University" eid="Id16" size="3">
      <originaltripleset>
        <otriple>Accademia_di_Architettura_di_Mendrisio | country | Switzerland</otriple>
        <otriple>Switzerland | leaderName | Johann_Schneider-Ammann</otriple>
        <otriple>Switzerland | leaderTitle | Federal_Chancellor_of_Switzerland</otriple>
      </originaltripleset>
      <modifiedtripleset>
        <mtriple>Accademia_di_Architettura_di_Mendrisio | country | Switzerland</mtriple>
        <mtriple>Switzerland | leaderName | Johann_Schneider-Ammann</mtriple>
        <mtriple>Switzerland | leaderTitle | Federal_Chancellor_of_Switzerland</mtriple>
      </modifiedtripleset>
      <lex comment="good" lid="Id1">The Federal Chancellor of Switzerland is called Johann Schneider-Ammann. The Accademia di Architettura di Mendrisio is located in Switzerland.</lex>
      <lex comment="good" lid="Id2">Switzerland's leader is Federal Chancellor Johann Schneider-Ammann . The country is the location of the Accademia di Architettura di Mendrisio,.</lex>
      <lex comment="good" lid="Id3">The Accademia di Architettura di Mendrisio is located in Switzerland. The country's leader Johann Schneider-Ammann is officially known as the Federal Chancellor.</lex>
    </entry>
    <entry category="University" eid="Id17" size="3">
      <originaltripleset>
        <otriple>Accademia_di_Architettura_di_Mendrisio | country | Switzerland</otriple>
        <otriple>Switzerland | legislature | Federal_Assembly_(Switzerland)</otriple>
        <otriple>Switzerland | leader | Johann_Schneider-Ammann</otriple>
      </originaltripleset>
      <modifiedtripleset>
        <mtriple>Accademia_di_Architettura_di_Mendrisio | country | Switzerland</mtriple>
        <mtriple>Switzerland | legislature | Federal_Assembly_(Switzerland)</mtriple>
        <mtriple>Switzerland | leaderName | Johann_Schneider-Ammann</mtriple>
      </modifiedtripleset>
      <lex comment="good" lid="Id1">The Accademia di Architettura di Mendrisio is located in Switzerland. The Swiss legislature is the Federal Assembly and its leader is Johann Schneider-Ammann.</lex>
      <lex comment="good" lid="Id2">Johann Schneider-Ammann is the leader of Switzerland where the Federal Assembly is the national legislature. The country is the home of the Accademia di Architettura di Mendrisio.</lex>
      <lex comment="good" lid="Id3">Johann Schneider-Ammann is the leader of the Federal Assembly in that country. Accademia di Architettura di Mendrisio is located in Switzerland.</lex>
    </entry>
    <entry category="University" eid="Id18" size="3">
      <originaltripleset>
        <otriple>Accademia_di_Architettura_di_Mendrisio | dean | Mario_Botta</otriple>
        <otriple>Accademia_di_Architettura_di_Mendrisio | city | Mendrisio</otriple>
        <otriple>Accademia_di_Architettura_di_Mendrisio | established | 1996</otriple>
      </originaltripleset>
      <modifiedtripleset>
        <mtriple>Accademia_di_Architettura_di_Mendrisio | dean | Mario_Botta</mtriple>
        <mtriple>Accademia_di_Architettura_di_Mendrisio | city | Mendrisio</mtriple>
        <mtriple>Accademia_di_Architettura_di_Mendrisio | established | 1996</mtriple>
      </modifiedtripleset>
      <lex comment="good" lid="Id1">The Accademia di Architettura di Mendrisio was established in Mendrisio in 1996. Its dean is Mario Botta.</lex>
      <lex comment="good" lid="Id2">Mario Botta is Dean of the Accademia di Architettura di Mendrisio which is located in the city of Mendrisio and was established in 1996.</lex>
      <lex comment="good" lid="Id3">The dean of the Accademia di Architettura di Mendrisio is Mario Botta and the university was established in 1996.</lex>
    </entry>
    <entry category="University" eid="Id19" size="3">
      <originaltripleset>
        <otriple>Accademia_di_Architettura_di_Mendrisio | dean | Mario_Botta</otriple>
        <otriple>Accademia_di_Architettura_di_Mendrisio | numberOfStudents | "600"^^xsd:nonNegativeInteger</otriple>
        <otriple>Accademia_di_Architettura_di_Mendrisio | faculty | 100</otriple>
      </originaltripleset>
      <modifiedtripleset>
        <mtriple>Accademia_di_Architettura_di_Mendrisio | dean | Mario_Botta</mtriple>
        <mtriple>Accademia_di_Architettura_di_Mendrisio | numberOfStudents | 600</mtriple>
        <mtriple>Accademia_di_Architettura_di_Mendrisio | academicStaffSize | 100</mtriple>
      </modifiedtripleset>
      <lex comment="good" lid="Id1">The Accademia di Architettura di Mendrisio has 100 academic staff and 600 students. Its dean is called Mario Botta.</lex>
      <lex comment="good" lid="Id2">The Dean of Accademia di Architettura di Mendrisio is Mario Botta. There are 600 students and 100 academic staff.</lex>
      <lex comment="good" lid="Id3">The dean of Accademia di Architettura di Mendrisio is Mario Botta. The University has a staff of 100 and 600 students.</lex>
    </entry>
    <entry category="University" eid="Id20" size="3">
      <originaltripleset>
        <otriple>Accademia_di_Architettura_di_Mendrisio | dean | Mario_Botta</otriple>
        <otriple>Mendrisio | neighboringMunicipalities | Meride</otriple>
        <otriple>Accademia_di_Architettura_di_Mendrisio | city | Mendrisio</otriple>
      </originaltripleset>
      <modifiedtripleset>
        <mtriple>Accademia_di_Architettura_di_Mendrisio | dean | Mario_Botta</mtriple>
        <mtriple>Mendrisio | neighboringMunicipality | Meride</mtriple>
        <mtriple>Accademia_di_Architettura_di_Mendrisio | city | Mendrisio</mtriple>
      </modifiedtripleset>
      <lex comment="good" lid="Id1">The Accademia di Architettura di Mendrisio is located in Mendrisio and its dean is Mario Botta. The neighbouring municipality of Mendrisio is Meride.</lex>
      <lex comment="good" lid="Id2">The Dean of the Accademia di Architettura di Mendrisio is Mario Botta. It is located in the city of Mendrisio , a neighbouring municipality of Meride.</lex>
      <lex comment="good" lid="Id3">The dean of Accademia di Architettura di Mendrisio is Mario Botta. A neighbouring municipality to Mendrisio is Meride.</lex>
    </entry>
    <entry category="University" eid="Id21" size="3">
      <originaltripleset>
        <otriple>Accademia_di_Architettura_di_Mendrisio | students | 600</otriple>
        <otriple>Accademia_di_Architettura_di_Mendrisio | faculty | 100</otriple>
        <otriple>Accademia_di_Architettura_di_Mendrisio | canton | Ticino</otriple>
      </originaltripleset>
      <originaltripleset>
        <otriple>Accademia_di_Architettura_di_Mendrisio | numberOfStudents | "600"^^xsd:nonNegativeInteger</otriple>
        <otriple>Accademia_di_Architettura_di_Mendrisio | facultySize | "100"^^xsd:nonNegativeInteger</otriple>
        <otriple>Accademia_di_Architettura_di_Mendrisio | canton | Ticino</otriple>
      </originaltripleset>
      <modifiedtripleset>
        <mtriple>Accademia_di_Architettura_di_Mendrisio | numberOfStudents | 600</mtriple>
        <mtriple>Accademia_di_Architettura_di_Mendrisio | academicStaffSize | 100</mtriple>
        <mtriple>Accademia_di_Architettura_di_Mendrisio | location | Ticino</mtriple>
      </modifiedtripleset>
      <lex comment="good" lid="Id1">Accademia di Architettura di Mendrisio is located in Ticino. It has 600 students and 100 staff.</lex>
      <lex comment="good" lid="Id2">The Accademia di Architettura di Mendrisio is located in Ticino. There are 600 students and 100 staff members.</lex>
      <lex comment="good" lid="Id3">Accademia di Architettura di Mendrisio in Ticino has a staff of 100 and 600 students.</lex>
    </entry>
    <entry category="University" eid="Id22" size="3">
      <originaltripleset>
        <otriple>Accademia_di_Architettura_di_Mendrisio | students | 600</otriple>
        <otriple>Accademia_di_Architettura_di_Mendrisio | dean | Mario_Botta</otriple>
        <otriple>Accademia_di_Architettura_di_Mendrisio | city | Mendrisio</otriple>
      </originaltripleset>
      <modifiedtripleset>
        <mtriple>Accademia_di_Architettura_di_Mendrisio | numberOfStudents | 600</mtriple>
        <mtriple>Accademia_di_Architettura_di_Mendrisio | dean | Mario_Botta</mtriple>
        <mtriple>Accademia_di_Architettura_di_Mendrisio | city | Mendrisio</mtriple>
      </modifiedtripleset>
      <lex comment="good" lid="Id1">The Accademia di Architettura di Mendrisio is located in Mendrisio. Its dean is called Mario Botta and it has 600 students.</lex>
      <lex comment="good" lid="Id2">There are 600 students at the Accademia di Architettura di Mendrisio which has Mario Botta as Dean and is situated in the city of Mendrisio,.</lex>
      <lex comment="good" lid="Id3">The dean of Accademia di Architettura di Mendrisio is Mario Botta and it has 600 students.</lex>
    </entry>
    <entry category="University" eid="Id23" size="3">
      <originaltripleset>
        <otriple>Accademia_di_Architettura_di_Mendrisio | students | 600</otriple>
        <otriple>Accademia_di_Architettura_di_Mendrisio | established | 1996</otriple>
        <otriple>Accademia_di_Architettura_di_Mendrisio | faculty | 100</otriple>
      </originaltripleset>
      <modifiedtripleset>
        <mtriple>Accademia_di_Architettura_di_Mendrisio | numberOfStudents | 600</mtriple>
        <mtriple>Accademia_di_Architettura_di_Mendrisio | established | 1996</mtriple>
        <mtriple>Accademia_di_Architettura_di_Mendrisio | academicStaffSize | 100</mtriple>
      </modifiedtripleset>
      <lex comment="good" lid="Id1">Accademia di Architettura di Mendrisio was established in 1996. It has 100 staff and 600 students.</lex>
      <lex comment="good" lid="Id2">In 1996 the Academia di Architettura di Mendrisio was established. There are 600 students and an academic staff of 100.</lex>
      <lex comment="good" lid="Id3">The Accademia di Architettura, established 1996, has 600 students and 100 academic staff.</lex>
    </entry>
    <entry category="University" eid="Id24" size="3">
      <originaltripleset>
        <otriple>Acharya_Institute_of_Technology | academicStaff | "~500"@en</otriple>
        <otriple>Acharya_Institute_of_Technology | motto | "Nurturing Excellence"@en</otriple>
        <otriple>Acharya_Institute_of_Technology | country | "India"@en</otriple>
      </originaltripleset>
      <modifiedtripleset>
        <mtriple>Acharya_Institute_of_Technology | academicStaffSize | "~500"</mtriple>
        <mtriple>Acharya_Institute_of_Technology | motto | "Nurturing Excellence"</mtriple>
        <mtriple>Acharya_Institute_of_Technology | country | "India"</mtriple>
      </modifiedtripleset>
      <lex comment="good" lid="Id1">Acharya Institute of Technology has an academic staff of 500. It is located in India and its motto is "Nurturing Excellence".</lex>
      <lex comment="toFix" lid="Id2">The Acharya Institute of Technology in India was an academic staff of ~500. Its motto is "Nurturing Excellence.".</lex>
      <lex comment="good" lid="Id3">The Acharya Institute of Technology in India has a staff of about 500, the university's motto is "Nurturing Excellence".</lex>
    </entry>
    <entry category="University" eid="Id25" size="3">
      <originaltripleset>
        <otriple>Acharya_Institute_of_Technology | affiliation | Visvesvaraya_Technological_University</otriple>
        <otriple>Acharya_Institute_of_Technology | city | Bangalore</otriple>
        <otriple>Acharya_Institute_of_Technology | country | "India"@en</otriple>
      </originaltripleset>
      <modifiedtripleset>
        <mtriple>Acharya_Institute_of_Technology | affiliation | Visvesvaraya_Technological_University</mtriple>
        <mtriple>Acharya_Institute_of_Technology | city | Bangalore</mtriple>
        <mtriple>Acharya_Institute_of_Technology | country | "India"</mtriple>
      </modifiedtripleset>
      <lex comment="good" lid="Id1">The Acharya Institute of Technology is located in Banglaore, India. It is associated with the Visvesvaraya Technological University.</lex>
      <lex comment="good" lid="Id2">The Acharya Institute of Technology is in Bangalore, India. It's affiliated with the Visvesvaraya Technological University.</lex>
      <lex comment="good" lid="Id3">The Acharya Institute of Technology in Bangalore, India is affiliated with the Visvesvaraya Technological University.</lex>
    </entry>
    <entry category="University" eid="Id26" size="3">
      <originaltripleset>
        <otriple>Acharya_Institute_of_Technology | affiliation | Visvesvaraya_Technological_University</otriple>
        <otriple>Acharya_Institute_of_Technology | city | Bangalore</otriple>
        <otriple>Acharya_Institute_of_Technology | state | Karnataka</otriple>
      </originaltripleset>
      <modifiedtripleset>
        <mtriple>Acharya_Institute_of_Technology | affiliation | Visvesvaraya_Technological_University</mtriple>
        <mtriple>Acharya_Institute_of_Technology | city | Bangalore</mtriple>
        <mtriple>Acharya_Institute_of_Technology | state | Karnataka</mtriple>
      </modifiedtripleset>
      <lex comment="good" lid="Id1">The Acharya Institute of Technology is in Bangalore, Karnataka. It is associated with the Visvesvaraya Technological University.</lex>
      <lex comment="good" lid="Id2">The Acharya Institute of Technology of Bangalore, Karnataka is affiliated with Visvesvaraya Technological University.</lex>
    </entry>
    <entry category="University" eid="Id27" size="3">
      <originaltripleset>
        <otriple>Acharya_Institute_of_Technology | affiliation | Visvesvaraya_Technological_University</otriple>
        <otriple>Visvesvaraya_Technological_University | city | Belgaum</otriple>
        <otriple>Acharya_Institute_of_Technology | campus | "Urban, ,\nIn Soldevanahalli, Acharya Dr. Sarvapalli Radhakrishnan Road, Hessarghatta Main Road, Bangalore – 560090."@en</otriple>
      </originaltripleset>
      <modifiedtripleset>
        <mtriple>Acharya_Institute_of_Technology | affiliation | Visvesvaraya_Technological_University</mtriple>
        <mtriple>Visvesvaraya_Technological_University | city | Belgaum</mtriple>
        <mtriple>Acharya_Institute_of_Technology | campus | "In Soldevanahalli, Acharya Dr. Sarvapalli Radhakrishnan Road, Hessarghatta Main Road, Bangalore – 560090."</mtriple>
      </modifiedtripleset>
      <lex comment="good" lid="Id1">The Acharya Institute of Technology is in Soldevanahalli, its address is Acharya Dr. Sarvapalli Radhakrishnan Road, Hessarghatta Main Road, Bangalore – 560090. It is affiliated with the Visvesvaraya Technological University in Belgaum.</lex>
      <lex comment="good" lid="Id2">The Acharya Institute of Technology is affiliated with the Visvesvaraya Technological University in Belgaum and is located in Soldevanahalli, Acharya Dr. Sarvapalli Radhakrishnan Road, Hessarghatta Main Road, Bangalore – 560090.</lex>
    </entry>
    <entry category="University" eid="Id28" size="3">
      <originaltripleset>
        <otriple>Acharya_Institute_of_Technology | city | Bangalore</otriple>
        <otriple>Acharya_Institute_of_Technology | campus | "Urban, ,\nIn Soldevanahalli, Acharya Dr. Sarvapalli Radhakrishnan Road, Hessarghatta Main Road, Bangalore – 560090."@en</otriple>
        <otriple>Acharya_Institute_of_Technology | affiliations | Visvesvaraya_Technological_University</otriple>
      </originaltripleset>
      <modifiedtripleset>
        <mtriple>Acharya_Institute_of_Technology | city | Bangalore</mtriple>
        <mtriple>Acharya_Institute_of_Technology | campus | "In Soldevanahalli, Acharya Dr. Sarvapalli Radhakrishnan Road, Hessarghatta Main Road, Bangalore – 560090."</mtriple>
        <mtriple>Acharya_Institute_of_Technology | affiliation | Visvesvaraya_Technological_University</mtriple>
      </modifiedtripleset>
      <lex comment="good" lid="Id1">The Acharya Institute of Technology is located in Soldevanahalli, Acharya Dr. Sarvapalli Radhakrishnan Road, Hessarghatta Main Road, Bangalore - 560090. It is affiliated with the Visvesvaraya Technological University.</lex>
      <lex comment="good" lid="Id2">The Acharya Institute of Technology is located in Soldevanahalli, at the address Acharya Dr. Sarvapalli Radhakrishnan Road, Hessarghatta Main Road, Bangalore – 560090. It's affiliated with the Visvesvaraya Technological University.</lex>
      <lex comment="good" lid="Id3">The Acharya Institute of Technology is affiliated with Visvesvaraya Technological University it's campus is in Soldevanahalli, Acharya Dr. Sarvapalli Radhakrishnan Road, Hessarghatta Main Road, Bangalore – 560090.</lex>
    </entry>
    <entry category="University" eid="Id29" size="3">
      <originaltripleset>
        <otriple>Acharya_Institute_of_Technology | city | Bangalore</otriple>
        <otriple>Acharya_Institute_of_Technology | director | "Dr. G. P. Prabhukumar"@en</otriple>
        <otriple>Acharya_Institute_of_Technology | campus | "Urban, ,\nIn Soldevanahalli, Acharya Dr. Sarvapalli Radhakrishnan Road, Hessarghatta Main Road, Bangalore – 560090."@en</otriple>
      </originaltripleset>
      <modifiedtripleset>
        <mtriple>Acharya_Institute_of_Technology | city | Bangalore</mtriple>
        <mtriple>Acharya_Institute_of_Technology | director | "Dr. G. P. Prabhukumar"</mtriple>
        <mtriple>Acharya_Institute_of_Technology | campus | "In Soldevanahalli, Acharya Dr. Sarvapalli Radhakrishnan Road, Hessarghatta Main Road, Bangalore – 560090."</mtriple>
      </modifiedtripleset>
      <lex comment="good" lid="Id1">The Acharya Institute of Technology is located in Soldevanahalli, at the address Acharya Dr. Sarvapalli Radhakrishnan Road, Hessarghatta Main Road, Bangalore – 560090. Its director is Dr. G. P. Prabhukumar.</lex>
      <lex comment="good" lid="Id2">The director of the Acharya Institute of Technology is Dr. G. P. Prabhukumar and the university is located in Soldevanahalli, Acharya Dr. Sarvapalli Radhakrishnan Road, Hessarghatta Main Road, Bangalore – 560090.</lex>
    </entry>
    <entry category="University" eid="Id30" size="3">
      <originaltripleset>
        <otriple>Acharya_Institute_of_Technology | city | Bangalore</otriple>
        <otriple>Acharya_Institute_of_Technology | established | 2000</otriple>
        <otriple>Acharya_Institute_of_Technology | numberOfPostgraduateStudents | "700"^^xsd:nonNegativeInteger</otriple>
      </originaltripleset>
      <modifiedtripleset>
        <mtriple>Acharya_Institute_of_Technology | city | Bangalore</mtriple>
        <mtriple>Acharya_Institute_of_Technology | established | 2000</mtriple>
        <mtriple>Acharya_Institute_of_Technology | numberOfPostgraduateStudents | 700</mtriple>
      </modifiedtripleset>
      <lex comment="good" lid="Id1">The Acharya Institute of Technology was established at Bangalore in 2000. It has 700 postgraduate students.</lex>
      <lex comment="good" lid="Id2">There are 700 postgraduate students at the Acharya Institute of Technology which was established in 2000 in Bangalore.</lex>
      <lex comment="good" lid="Id3">The Acharya Institute of Technology in Bangalore was established in 2000 and has 700 post-graduate students.</lex>
    </entry>
    <entry category="University" eid="Id31" size="3">
      <originaltripleset>
        <otriple>Acharya_Institute_of_Technology | country | "India"@en</otriple>
        <otriple>Acharya_Institute_of_Technology | campus | "Urban, ,\nIn Soldevanahalli, Acharya Dr. Sarvapalli Radhakrishnan Road, Hessarghatta Main Road, Bangalore – 560090."@en</otriple>
        <otriple>Acharya_Institute_of_Technology | affiliations | Visvesvaraya_Technological_University</otriple>
      </originaltripleset>
      <modifiedtripleset>
        <mtriple>Acharya_Institute_of_Technology | country | "India"</mtriple>
        <mtriple>Acharya_Institute_of_Technology | campus | "In Soldevanahalli, Acharya Dr. Sarvapalli Radhakrishnan Road, Hessarghatta Main Road, Bangalore – 560090."</mtriple>
        <mtriple>Acharya_Institute_of_Technology | affiliation | Visvesvaraya_Technological_University</mtriple>
      </modifiedtripleset>
      <lex comment="good" lid="Id1">The Acharya Institute of Technology is located at Soldevanahalli, Acharya Dr. Sarcapalli Radhakrishnan Road, Hessarghatta Main Road, Bangalore, 560090, India. It is affiliated with the Visvesvaraya Technological University.</lex>
      <lex comment="good" lid="Id2">The Acharya Institute of Technology is affiliated to the Visvesvaraya Technological University and the campus is located in India at Soldevanahalli, Acharya Dr. Sarvapalli Radhakrishnan Road, Hessarghatta Main Road, Bangalore – 560090.</lex>
      <lex comment="good" lid="Id3">India's Acharya Institute of Technology is affiliated with Visvesvaraya Technological University and the campus is located in Soldevanahalli, Acharya Dr. Sarvapalli Radhakrishnan Road, Hessarghatta Main Road, Bangalore – 560090.</lex>
    </entry>
    <entry category="University" eid="Id32" size="3">
      <originaltripleset>
        <otriple>Acharya_Institute_of_Technology | country | "India"@en</otriple>
        <otriple>Acharya_Institute_of_Technology | numberOfPostgraduateStudents | "700"^^xsd:nonNegativeInteger</otriple>
        <otriple>Acharya_Institute_of_Technology | campus | "Urban, ,\nIn Soldevanahalli, Acharya Dr. Sarvapalli Radhakrishnan Road, Hessarghatta Main Road, Bangalore – 560090."@en</otriple>
      </originaltripleset>
      <modifiedtripleset>
        <mtriple>Acharya_Institute_of_Technology | country | "India"</mtriple>
        <mtriple>Acharya_Institute_of_Technology | numberOfPostgraduateStudents | 700</mtriple>
        <mtriple>Acharya_Institute_of_Technology | campus | "In Soldevanahalli, Acharya Dr. Sarvapalli Radhakrishnan Road, Hessarghatta Main Road, Bangalore – 560090."</mtriple>
      </modifiedtripleset>
      <lex comment="good" lid="Id1">The Acharya Institute of Technology is in Soldevanahalli, India its address is Acharya Dr. Sarvapalli Radhakrishnan Road, Hessarghatta Main Road, Bangalore – 560090. It has 700 postgraduate students.</lex>
      <lex comment="good" lid="Id2">The Acharya Institute of Technology has 700 post-graduate students and is located in Soldevanahalli, Acharya Dr. Sarvapalli Radhakrishnan Road, Hessarghatta Main Road, Bangalore – 560090.</lex>
    </entry>
    <entry category="University" eid="Id33" size="3">
      <originaltripleset>
        <otriple>Acharya_Institute_of_Technology | established | 2000</otriple>
        <otriple>Acharya_Institute_of_Technology | country | "India"@en</otriple>
        <otriple>Acharya_Institute_of_Technology | state | Karnataka</otriple>
      </originaltripleset>
      <modifiedtripleset>
        <mtriple>Acharya_Institute_of_Technology | established | 2000</mtriple>
        <mtriple>Acharya_Institute_of_Technology | country | "India"</mtriple>
        <mtriple>Acharya_Institute_of_Technology | state | Karnataka</mtriple>
      </modifiedtripleset>
      <lex comment="good" lid="Id1">The Archarya Institute of Technology is located in Karnatka, India and it was established in 2000.</lex>
      <lex comment="good" lid="Id2">The Acharya Institute of Technology was established in the state of Karnataka , India, in 2000.</lex>
      <lex comment="good" lid="Id3">The Acharya Institute of Technology was established in 2000 in Karnataka, India.</lex>
    </entry>
    <entry category="University" eid="Id34" size="3">
      <originaltripleset>
        <otriple>Acharya_Institute_of_Technology | sport | Tennis</otriple>
        <otriple>Tennis | sportGoverningBody | International_Tennis_Federation</otriple>
        <otriple>Acharya_Institute_of_Technology | country | "India"@en</otriple>
      </originaltripleset>
      <modifiedtripleset>
        <mtriple>Acharya_Institute_of_Technology | sportsOffered | Tennis</mtriple>
        <mtriple>Tennis | sportsGoverningBody | International_Tennis_Federation</mtriple>
        <mtriple>Acharya_Institute_of_Technology | country | "India"</mtriple>
      </modifiedtripleset>
      <lex comment="good" lid="Id1">The Acharya Institute of technology is located in India and the offered sport is tennis. The governing tennis body is the International Tennis Foundation.</lex>
      <lex comment="good" lid="Id2">The sport of tennis, governed by the International Tennis Federation, is offered at the Acharya Institute of Technology in India.</lex>
      <lex comment="good" lid="Id3">The Acharya Institute of Technology is governed by the International Tennis Federation in India.</lex>
    </entry>
    <entry category="University" eid="Id35" size="3">
      <originaltripleset>
        <otriple>Acharya_Institute_of_Technology | free | All_India_Council_for_Technical_Education</otriple>
        <otriple>All_India_Council_for_Technical_Education | location | Mumbai</otriple>
        <otriple>Acharya_Institute_of_Technology | city | Bangalore</otriple>
      </originaltripleset>
      <modifiedtripleset>
        <mtriple>Acharya_Institute_of_Technology | was given the 'Technical Campus' status by | All_India_Council_for_Technical_Education</mtriple>
        <mtriple>All_India_Council_for_Technical_Education | location | Mumbai</mtriple>
        <mtriple>Acharya_Institute_of_Technology | city | Bangalore</mtriple>
      </modifiedtripleset>
      <lex comment="good" lid="Id1">The Acharya Institute is located in Bangalore. It was given the "Technical Campus" status by the All India Council for Technical Education, which is located in Mumbai.</lex>
      <lex comment="good" lid="Id2">The Acharya Institute of Technology in Bangalore was given the "Technical Campus" status by the All India Council for Technical Education in Mumbai.</lex>
      <lex comment="good" lid="Id3">The Acharya Institute of Technology, Bangalore, was given 'Technical Campus' status by the All India Council for Technical Education in Mumbai.</lex>
    </entry>
    <entry category="University" eid="Id36" size="3">
      <originaltripleset>
        <otriple>Alba_Iulia | country | Romania</otriple>
        <otriple>Romania | capital | Bucharest</otriple>
        <otriple>1_Decembrie_1918_University,_Alba_Iulia | city | Alba_Iulia</otriple>
      </originaltripleset>
      <modifiedtripleset>
        <mtriple>Alba_Iulia | country | Romania</mtriple>
        <mtriple>Romania | capital | Bucharest</mtriple>
        <mtriple>1_Decembrie_1918_University | city | Alba_Iulia</mtriple>
      </modifiedtripleset>
      <lex comment="good" lid="Id1">1 Decembrie 1918 University is in Alba Iulia, Romania. Bucharest is the capital of Romania.</lex>
      <lex comment="good" lid="Id2">The 1 Decembrie 1918 University is located in the city of Alba Iulia, Romania (capital Bucharest).</lex>
    </entry>
    <entry category="University" eid="Id37" size="3">
      <originaltripleset>
        <otriple>Alba_Iulia | isPartOf | Alba_County</otriple>
        <otriple>1_Decembrie_1918_University,_Alba_Iulia | city | Alba_Iulia</otriple>
        <otriple>1_Decembrie_1918_University,_Alba_Iulia | country | Romania</otriple>
      </originaltripleset>
      <modifiedtripleset>
        <mtriple>Alba_Iulia | isPartOf | Alba_County</mtriple>
        <mtriple>1_Decembrie_1918_University | city | Alba_Iulia</mtriple>
        <mtriple>1_Decembrie_1918_University | country | Romania</mtriple>
      </modifiedtripleset>
      <lex comment="good" lid="Id1">The 1 Decembrie 1918 University is in Alba Iulia, Alba County, Romania.</lex>
      <lex comment="good" lid="Id2">The 1 Decembrie 1918 University is located in the city of Alba Iulia, Alba County, Romania.</lex>
    </entry>
    <entry category="University" eid="Id38" size="3">
      <originaltripleset>
        <otriple>Bangalore | founder | Kempe_Gowda_I</otriple>
        <otriple>Acharya_Institute_of_Technology | city | Bangalore</otriple>
        <otriple>Acharya_Institute_of_Technology | affiliations | Visvesvaraya_Technological_University</otriple>
      </originaltripleset>
      <modifiedtripleset>
        <mtriple>Bangalore | founder | Kempe_Gowda_I</mtriple>
        <mtriple>Acharya_Institute_of_Technology | city | Bangalore</mtriple>
        <mtriple>Acharya_Institute_of_Technology | affiliation | Visvesvaraya_Technological_University</mtriple>
      </modifiedtripleset>
      <lex comment="good" lid="Id1">Acharya Institute of Technology is affiliated with Visvesaraya Technological University in Bangalore. Its founder is Kempe Gowda.</lex>
      <lex comment="good" lid="Id2">Bangalore was founded by Kempe Gowda and is the location of the Acharya Institute of Technology which is affiliated with Visvesvaraya Technological University.</lex>
      </entry>
    <entry category="University" eid="Id39" size="3">
      <originaltripleset>
        <otriple>Bangalore | founder | Kempe_Gowda_I</otriple>
        <otriple>Acharya_Institute_of_Technology | president | "B.M. Reddy"@en</otriple>
        <otriple>Acharya_Institute_of_Technology | city | Bangalore</otriple>
      </originaltripleset>
      <modifiedtripleset>
        <mtriple>Bangalore | founder | Kempe_Gowda_I</mtriple>
        <mtriple>Acharya_Institute_of_Technology | president | "B.M. Reddy"</mtriple>
        <mtriple>Acharya_Institute_of_Technology | city | Bangalore</mtriple>
      </modifiedtripleset>
      <lex comment="good" lid="Id1">Kempe Gowda is the founder of Bangalore, the location of the Acharya Institute of Technology whose President is B M Reddy.</lex>
      <lex comment="good" lid="Id2">The President of the Acharya Institute of Technology is B.M. Reddy and the university is located in Bangalore. The city was foundered by Kempe Gowda I.</lex>
    </entry>
    <entry category="University" eid="Id40" size="3">
      <originaltripleset>
        <otriple>Karnataka | northeast | Telangana</otriple>
        <otriple>Karnataka | west | Arabian_Sea</otriple>
        <otriple>Acharya_Institute_of_Technology | state | Karnataka</otriple>
      </originaltripleset>
      <modifiedtripleset>
        <mtriple>Karnataka | has to its northeast | Telangana</mtriple>
        <mtriple>Karnataka | has to its west | Arabian_Sea</mtriple>
        <mtriple>Acharya_Institute_of_Technology | state | Karnataka</mtriple>
      </modifiedtripleset>
      <lex comment="good" lid="Id1">The Archarya Institute of Technology is located in Karnatka. Karnatka has Telangana to its northeast and the Arabian Sea to its west.</lex>
      <lex comment="good" lid="Id2">The state of Karnataka, the location of the Acharya Institute of Technology has Telangana to the northeast and the Arabian Sea to the west.</lex>
      </entry>
    <entry category="University" eid="Id41" size="3">
      <originaltripleset>
        <otriple>Kerala | leaderName | Kochi</otriple>
        <otriple>AWH_Engineering_College | facultySize | "250"^^xsd:nonNegativeInteger</otriple>
        <otriple>AWH_Engineering_College | state | Kerala</otriple>
      </originaltripleset>
      <modifiedtripleset>
        <mtriple>Kerala | leaderName | Kochi</mtriple>
        <mtriple>AWH_Engineering_College | academicStaffSize | 250</mtriple>
        <mtriple>AWH_Engineering_College | state | Kerala</mtriple>
      </modifiedtripleset>
      <lex comment="good" lid="Id1">AWH Engineering College at Kerala has 250 academic staff. Kerala's leader is Kochi.</lex>
      <lex comment="good" lid="Id2">Kochi is the leader of Kerala which is the location of the AWH Engineering College that has an academic staff of 250.</lex>
      <lex comment="good" lid="Id3">With a staff compliment of 250, AWH Engineering College is located in Kerala, the leader of that state is named Kochi.</lex>
    </entry>
    <entry category="University" eid="Id42" size="3">
      <originaltripleset>
        <otriple>Kerala | leaderName | Kochi</otriple>
        <otriple>AWH_Engineering_College | state | Kerala</otriple>
        <otriple>AWH_Engineering_College | city | "Kuttikkattoor"@en</otriple>
      </originaltripleset>
      <modifiedtripleset>
        <mtriple>Kerala | leaderName | Kochi</mtriple>
        <mtriple>AWH_Engineering_College | state | Kerala</mtriple>
        <mtriple>AWH_Engineering_College | city | "Kuttikkattoor"</mtriple>
      </modifiedtripleset>
      <lex comment="good" lid="Id1">The AWH Engineering College is in Kuttikkattoor, Kerala. Kerala is led by Kochi.</lex>
      <lex comment="good" lid="Id2">AWH Engineering College is located in the city of Kuttikkattoor, Kerala. Kochi is the name of the leader of Kerala.</lex>
    </entry>
    <entry category="University" eid="Id43" size="3">
      <originaltripleset>
        <otriple>Mendrisio | neighboringMunicipality | Meride</otriple>
        <otriple>Accademia_di_Architettura_di_Mendrisio | established | 1996</otriple>
        <otriple>Accademia_di_Architettura_di_Mendrisio | city | Mendrisio</otriple>
      </originaltripleset>
      <modifiedtripleset>
        <mtriple>Mendrisio | neighboringMunicipality | Meride</mtriple>
        <mtriple>Accademia_di_Architettura_di_Mendrisio | established | 1996</mtriple>
        <mtriple>Accademia_di_Architettura_di_Mendrisio | city | Mendrisio</mtriple>
      </modifiedtripleset>
      <lex comment="good" lid="Id1">Accademia di Architettura di Mendrisio was established in 1996. It is located in Mendrisio, which has Meride as its neighbouring municipality as Meride.</lex>
      <lex comment="good" lid="Id2">The .Accademia di Architettura di Mendrisio was established in 1996 within the city of Mendrisio , a neighbouring municipality to Meride .</lex>
      <lex comment="good" lid="Id3">The Accademia di Architettura di Mendrisio was established in 1996. It is situated in Mendrisio, which is near to Meride.</lex>
    </entry>
    <entry category="University" eid="Id44" size="3">
      <originaltripleset>
        <otriple>Romania | ethnicGroups | Germans_of_Romania</otriple>
        <otriple>Romania | capital | Bucharest</otriple>
        <otriple>1_Decembrie_1918_University,_Alba_Iulia | country | Romania</otriple>
      </originaltripleset>
      <originaltripleset>
        <otriple>Romania | ethnicGroup | Germans_of_Romania</otriple>
        <otriple>Romania | capital | Bucharest</otriple>
        <otriple>1_Decembrie_1918_University,_Alba_Iulia | country | Romania</otriple>
      </originaltripleset>
      <modifiedtripleset>
        <mtriple>Romania | ethnicGroup | Germans_of_Romania</mtriple>
        <mtriple>Romania | capital | Bucharest</mtriple>
        <mtriple>1_Decembrie_1918_University | country | Romania</mtriple>
      </modifiedtripleset>
      <lex comment="good" lid="Id1">The capital of Romania is Bucharest. The country is the location of the 1 Decembrie 1918 University and the home of one of the ethnic groups of Romania who are the Germans of Romania.</lex>
      <lex comment="good" lid="Id2">The 1 Decembrie 1918 University is in Romania. Two facts about Romania are its capital is Bucharest, and one of its ethnic groups are known as the Germans of Romania.</lex>
    </entry>
    <entry category="University" eid="Id45" size="3">
      <originaltripleset>
        <otriple>Romania | leaderName | Klaus_Iohannis</otriple>
        <otriple>Romania | capital | Bucharest</otriple>
        <otriple>1_Decembrie_1918_University,_Alba_Iulia | country | Romania</otriple>
      </originaltripleset>
      <originaltripleset>
        <otriple>Romania | leader | Klaus_Iohannis</otriple>
        <otriple>Romania | capital | Bucharest</otriple>
        <otriple>1_Decembrie_1918_University,_Alba_Iulia | country | Romania</otriple>
      </originaltripleset>
      <modifiedtripleset>
        <mtriple>Romania | leaderName | Klaus_Iohannis</mtriple>
        <mtriple>Romania | capital | Bucharest</mtriple>
        <mtriple>1_Decembrie_1918_University | country | Romania</mtriple>
      </modifiedtripleset>
      <lex comment="good" lid="Id1">1 Decembrie 1918 University is located in Romania. The capital of the country is Bucharest and the leader's name is Klaus Johannis.</lex>
    </entry>
    <entry category="University" eid="Id46" size="3">
      <originaltripleset>
        <otriple>Romania | leaderTitle | Prime_Minister_of_Romania</otriple>
        <otriple>Romania | capital | Bucharest</otriple>
        <otriple>1_Decembrie_1918_University,_Alba_Iulia | country | Romania</otriple>
      </originaltripleset>
      <modifiedtripleset>
        <mtriple>Romania | leaderTitle | Prime_Minister_of_Romania</mtriple>
        <mtriple>Romania | capital | Bucharest</mtriple>
        <mtriple>1_Decembrie_1918_University | country | Romania</mtriple>
      </modifiedtripleset>
      <lex comment="good" lid="Id1">1 Decembrie 1918 University is located in Romania. Romania has a Prime Minister as its leader, and its capital is Bucharest.</lex>
      <lex comment="good" lid="Id2">1 Decembrie 1918 University is located in Romania. Bucharest is the capital of the country, which is led by a Prime Minister.</lex>
    </entry>
    <entry category="University" eid="Id47" size="3">
      <originaltripleset>
        <otriple>Romania | leaderTitle | Prime_Minister_of_Romania</otriple>
        <otriple>Romania | ethnicGroup | Germans_of_Romania</otriple>
        <otriple>1_Decembrie_1918_University,_Alba_Iulia | country | Romania</otriple>
      </originaltripleset>
      <originaltripleset>
        <otriple>Romania | ethnicGroups | Germans_of_Romania</otriple>
        <otriple>Romania | leaderTitle | Prime_Minister_of_Romania</otriple>
        <otriple>1_Decembrie_1918_University,_Alba_Iulia | country | Romania</otriple>
      </originaltripleset>
      <modifiedtripleset>
        <mtriple>Romania | leaderTitle | Prime_Minister_of_Romania</mtriple>
        <mtriple>Romania | ethnicGroup | Germans_of_Romania</mtriple>
        <mtriple>1_Decembrie_1918_University | country | Romania</mtriple>
      </modifiedtripleset>
      <lex comment="good" lid="Id1">Romania is led by the Prime Minister; its ethnic group are Germans of Romania and its university is called the 1 Decembrie 1918 University.</lex>
      <lex comment="good" lid="Id2">The Germans of Romania are an ethnic group within Romania which has a Prime Minister as its leader. The country is the location for the 1 Decembrie 1918 University.</lex>
      <lex comment="good" lid="Id3">1 Decembrie 1918 University is located in Romania, the leader of which is the Prime Minister and Romania has Germans as an ethnic group.</lex>
    </entry>
    <entry category="University" eid="Id48" size="3">
      <originaltripleset>
        <otriple>Aarhus_University,_School_of_Business_and_Social_Sciences | faculty | 737</otriple>
        <otriple>Aarhus_University,_School_of_Business_and_Social_Sciences | country | Denmark</otriple>
        <otriple>Aarhus_University,_School_of_Business_and_Social_Sciences | established | 1928</otriple>
      </originaltripleset>
      <modifiedtripleset>
        <mtriple>School of Business and Social Sciences at the Aarhus University | academicStaffSize | 737</mtriple>
        <mtriple>School of Business and Social Sciences at the Aarhus University | country | Denmark</mtriple>
        <mtriple>School of Business and Social Sciences at the Aarhus University | established | 1928</mtriple>
      </modifiedtripleset>
      <lex comment="good" lid="Id1">School of Business and Social Sciences at the Aarhus University is in Denmark. It was established in 1928 and has an academic staff of 737.</lex>
      <lex comment="good" lid="Id2">The School of Business and Social Sciences at the Aarhus University was established in 1928 in Denmark and has a staff of 737.</lex>
      <lex comment="good" lid="Id3">The School of Business and Social Sciences at the Aarhus University, Denmark, has an academic staff of 737 and was established in 1928.</lex>
    </entry>
    <entry category="University" eid="Id49" size="3">
      <originaltripleset>
        <otriple>Aarhus_University,_School_of_Business_and_Social_Sciences | faculty | 737</otriple>
        <otriple>Aarhus_University,_School_of_Business_and_Social_Sciences | numberOfStudents | "16000"^^xsd:nonNegativeInteger</otriple>
        <otriple>Aarhus_University,_School_of_Business_and_Social_Sciences | affiliations | European_University_Association</otriple>
      </originaltripleset>
      <modifiedtripleset>
        <mtriple>School of Business and Social Sciences at the Aarhus University | academicStaffSize | 737</mtriple>
        <mtriple>School of Business and Social Sciences at the Aarhus University | numberOfStudents | 16000</mtriple>
        <mtriple>School of Business and Social Sciences at the Aarhus University | affiliation | European_University_Association</mtriple>
      </modifiedtripleset>
      <lex comment="good" lid="Id1">The School of Business and Social Sciences at the Aarhus University is affiliated to the European University Association. It has 737 staff and 16,000 students.</lex>
      <lex comment="good" lid="Id2">The School of Business and Social Sciences at the Aarhus University is affiliated to the European University Association. There are 737 academic staff and 16000 students.</lex>
      <lex comment="good" lid="Id3">With a staff of 737 and a student population of 1600, the School of Business and Social Sciences at the Aarhus University has an affiliation with the European University Association.</lex>
    </entry>
    <entry category="University" eid="Id50" size="3">
      <originaltripleset>
        <otriple>Aarhus_University,_School_of_Business_and_Social_Sciences | city | Aarhus</otriple>
        <otriple>Aarhus | northeast | Mols</otriple>
        <otriple>Aarhus | governmentType | Magistrate</otriple>
      </originaltripleset>
      <modifiedtripleset>
        <mtriple>School of Business and Social Sciences at the Aarhus University | city | Aarhus</mtriple>
        <mtriple>Aarhus | has to its northeast | Mols</mtriple>
        <mtriple>Aarhus | governmentType | Magistrate</mtriple>
      </modifiedtripleset>
      <lex comment="good" lid="Id1">Aarhus has a magistrate government. To its northeast is Mols. The School of Business and Social Sciences at the Aarhus University is located in Aarhus.</lex>
      <lex comment="good" lid="Id2">Mols is northeast of Aarhus where the government is that of magistrate. The city is the location of the School of Business and Social Sciences at Aarhus University.</lex>
      <lex comment="good" lid="Id3">The School of Business and Social Sciences at the Aarhus University, located in Aarus which is governed by a magistrate and is southwest of Mols.</lex>
    </entry>
    <entry category="University" eid="Id51" size="3">
      <originaltripleset>
        <otriple>Aarhus_University,_School_of_Business_and_Social_Sciences | city | Aarhus</otriple>
        <otriple>European_University_Association | headquarters | Brussels</otriple>
        <otriple>Aarhus_University,_School_of_Business_and_Social_Sciences | affiliations | European_University_Association</otriple>
      </originaltripleset>
      <originaltripleset>
        <otriple>Aarhus_University,_School_of_Business_and_Social_Sciences | affiliation | European_University_Association</otriple>
        <otriple>Aarhus_University,_School_of_Business_and_Social_Sciences | city | Aarhus</otriple>
        <otriple>European_University_Association | headquarters | Brussels</otriple>
      </originaltripleset>
      <modifiedtripleset>
        <mtriple>School of Business and Social Sciences at the Aarhus University | city | Aarhus</mtriple>
        <mtriple>European_University_Association | headquarters | Brussels</mtriple>
        <mtriple>School of Business and Social Sciences at the Aarhus University | affiliation | European_University_Association</mtriple>
      </modifiedtripleset>
      <lex comment="good" lid="Id1">The School of Business and Social Sciences at the Aarhus University is in Aarhus. It is affiliated with the European University Association in Brussels.</lex>
      <lex comment="good" lid="Id2">The School of Business and Social Sciences at the Aarhus University, Aarhus, is affiliated with the European University Association which has its headquarters in Brussels.</lex>
    </entry>
    <entry category="University" eid="Id52" size="3">
      <originaltripleset>
        <otriple>Aarhus_University,_School_of_Business_and_Social_Sciences | city | Aarhus</otriple>
        <otriple>Aarhus_University,_School_of_Business_and_Social_Sciences | established | 1928</otriple>
        <otriple>Aarhus | governmentType | Magistrate</otriple>
      </originaltripleset>
      <modifiedtripleset>
        <mtriple>School of Business and Social Sciences at the Aarhus University | city | Aarhus</mtriple>
        <mtriple>School of Business and Social Sciences at the Aarhus University | established | 1928</mtriple>
        <mtriple>Aarhus | governmentType | Magistrate</mtriple>
      </modifiedtripleset>
      <lex comment="good" lid="Id1">The School of Business and Social Sciences at the Aarhus University at Arhus was established in 1928. Arhus has a Magistrate government.</lex>
      <lex comment="good" lid="Id2">The city of Aarhus has a magistrate type of government and is the location of the School of Business and Social Sciences at Aarhus University which was established in 1928.</lex>
      <lex comment="good" lid="Id3">The School of Business and Social Sciences at the Aarhus University was established in 1928. Aarus is governed by a magistrate.</lex>
    </entry>
    <entry category="University" eid="Id53" size="3">
      <originaltripleset>
        <otriple>Aarhus_University,_School_of_Business_and_Social_Sciences | country | Denmark</otriple>
        <otriple>Denmark | leader | Lars_Løkke_Rasmussen</otriple>
        <otriple>Denmark | religion | Church_of_Denmark</otriple>
      </originaltripleset>
      <modifiedtripleset>
        <mtriple>School of Business and Social Sciences at the Aarhus University | country | Denmark</mtriple>
        <mtriple>Denmark | leaderName | Lars_Løkke_Rasmussen</mtriple>
        <mtriple>Denmark | religion | Church_of_Denmark</mtriple>
      </modifiedtripleset>
      <lex comment="good" lid="Id1">The School of Business and Social Sciences at the Aarhus University is located in Denmark. Denmark's leader is Lars Lokke Rasmussen and Denmark's religion is the Church of Denmark.</lex>
      <lex comment="good" lid="Id2">The School of Business and Social Sciences at the Aarhus University is located in Denmark. The leader of the country is Lars Lokke Rasmussen, and the state religion is the Church of Denmark.</lex>
    </entry>
    <entry category="University" eid="Id54" size="3">
      <originaltripleset>
        <otriple>Aarhus_University,_School_of_Business_and_Social_Sciences | country | Denmark</otriple>
        <otriple>Denmark | leaderTitle | Monarchy_of_Denmark</otriple>
        <otriple>Denmark | leader | Lars_Løkke_Rasmussen</otriple>
      </originaltripleset>
      <originaltripleset>
        <otriple>Denmark | leaderName | Lars_Løkke_Rasmussen</otriple>
        <otriple>Aarhus_University,_School_of_Business_and_Social_Sciences | country | Denmark</otriple>
        <otriple>Denmark | leaderTitle | Monarchy_of_Denmark</otriple>
      </originaltripleset>
      <modifiedtripleset>
        <mtriple>School of Business and Social Sciences at the Aarhus University | country | Denmark</mtriple>
        <mtriple>Denmark | leaderTitle | Monarchy_of_Denmark</mtriple>
        <mtriple>Denmark | leaderName | Lars_Løkke_Rasmussen</mtriple>
      </modifiedtripleset>
      <lex comment="good" lid="Id1">The School of Business and Social Sciences at the Aarhus University is located in Denmark. Denmark has a monarch and Denmark's leader is called Lars Lokke Rasmussen.</lex>
      <lex comment="good" lid="Id2">Lars Lokke Rasmussen is the leader of Denmark and has the title of Monarchy of Denmark. The country is the location of the School of Business and Social Sciences at the Aarhus University.</lex>
      </entry>
    <entry category="University" eid="Id55" size="3">
      <originaltripleset>
        <otriple>Aarhus_University,_School_of_Business_and_Social_Sciences | latinName | "Universitas Aarhusiensis"@en</otriple>
        <otriple>Aarhus_University,_School_of_Business_and_Social_Sciences | affiliations | European_University_Association</otriple>
        <otriple>Aarhus_University,_School_of_Business_and_Social_Sciences | established | 1928</otriple>
      </originaltripleset>
      <modifiedtripleset>
        <mtriple>School of Business and Social Sciences at the Aarhus University | latinName | "Universitas Aarhusiensis"</mtriple>
        <mtriple>School of Business and Social Sciences at the Aarhus University | affiliation | European_University_Association</mtriple>
        <mtriple>School of Business and Social Sciences at the Aarhus University | established | 1928</mtriple>
      </modifiedtripleset>
      <lex comment="good" lid="Id1">The School of Business and Social Sciences at the Aarhus University (Latin name - "Universitas Aarhusiensis" was established in 1928 and it is affiliated with the European University Association.</lex>
      <lex comment="good" lid="Id2">"Universias Aarhusiensis" is the latin name of the School of Business and Social Sciences at Aarhus University which is affiliated to the European University Association. The School was established in 1928.</lex>
      <lex comment="good" lid="Id3">The School of Business and Social Sciences at the Aarhus University, affiliated with the European University Association, was established in 1928. Its Latin name is Universitas Aarhusiensis.</lex>
    </entry>
    <entry category="University" eid="Id56" size="3">
      <originaltripleset>
        <otriple>Aarhus_University,_School_of_Business_and_Social_Sciences | students | 16000</otriple>
        <otriple>Aarhus_University,_School_of_Business_and_Social_Sciences | country | Denmark</otriple>
        <otriple>Aarhus_University,_School_of_Business_and_Social_Sciences | established | 1928</otriple>
      </originaltripleset>
      <modifiedtripleset>
        <mtriple>School of Business and Social Sciences at the Aarhus University | numberOfStudents | 16000</mtriple>
        <mtriple>School of Business and Social Sciences at the Aarhus University | country | Denmark</mtriple>
        <mtriple>School of Business and Social Sciences at the Aarhus University | established | 1928</mtriple>
      </modifiedtripleset>
      <lex comment="good" lid="Id1">The School of Business and Social Sciences at the Aarhus University is located in Denmark, has 16,000 students and was established in 1928.</lex>
      <lex comment="good" lid="Id2">The School of Business and Social Sciences at Aarhus University in Denmark was established in 1928 and has 16000 students.</lex>
      <lex comment="good" lid="Id3">School of Business and Social Sciences at the Aarhus University in Denmark was established in 1928 and currently has a student body of 16000.</lex>
    </entry>
    <entry category="University" eid="Id57" size="3">
      <originaltripleset>
        <otriple>Visvesvaraya_Technological_University | city | Belgaum</otriple>
        <otriple>Acharya_Institute_of_Technology | established | 2000</otriple>
        <otriple>Acharya_Institute_of_Technology | affiliations | Visvesvaraya_Technological_University</otriple>
      </originaltripleset>
      <modifiedtripleset>
        <mtriple>Visvesvaraya_Technological_University | city | Belgaum</mtriple>
        <mtriple>Acharya_Institute_of_Technology | established | 2000</mtriple>
        <mtriple>Acharya_Institute_of_Technology | affiliation | Visvesvaraya_Technological_University</mtriple>
      </modifiedtripleset>
      <lex comment="good" lid="Id1">The Acharya Institute of Technology was established in 2000, and is affiliated with the Visvesvaraya Technological University based in Belgaum.</lex>
      <lex comment="good" lid="Id2">The Acharya Institute of Technology was established in 2000 and is affiliated with the Visvesvaraya Technological University in Belgaum.</lex>
    </entry>
    <entry category="University" eid="Id58" size="3">
      <originaltripleset>
        <otriple>Visvesvaraya_Technological_University | city | Belgaum</otriple>
        <otriple>Acharya_Institute_of_Technology | numberOfPostgraduateStudents | "700"^^xsd:nonNegativeInteger</otriple>
        <otriple>Acharya_Institute_of_Technology | affiliations | Visvesvaraya_Technological_University</otriple>
      </originaltripleset>
      <modifiedtripleset>
        <mtriple>Visvesvaraya_Technological_University | city | Belgaum</mtriple>
        <mtriple>Acharya_Institute_of_Technology | numberOfPostgraduateStudents | 700</mtriple>
        <mtriple>Acharya_Institute_of_Technology | affiliation | Visvesvaraya_Technological_University</mtriple>
      </modifiedtripleset>
      <lex comment="good" lid="Id1">Acharya Institute of Technology is affiliated with Visvesvaraya Technological University and has 700 postgraduate students. The university is located in Belgaum.</lex>
      <lex comment="good" lid="Id2">The Visvesvaraya Technological university in Belgaum, is affiliated with the Acharya Institute of Technology, which has 700 postgraduate students.</lex>
    </entry>
  </entries>
</benchmark>