<benchmark>
  <entries>
    <entry category="Monument" eid="Id1" size="3">
      <originaltripleset>
        <otriple>11th_Mississippi_Infantry_Monument | country | "United States"@en</otriple>
        <otriple>11th_Mississippi_Infantry_Monument | established | 2000</otriple>
        <otriple>11th_Mississippi_Infantry_Monument | category | Contributing_property</otriple>
      </originaltripleset>
      <modifiedtripleset>
        <mtriple>11th_Mississippi_Infantry_Monument | country | "United States"</mtriple>
        <mtriple>11th_Mississippi_Infantry_Monument | established | 2000</mtriple>
        <mtriple>11th_Mississippi_Infantry_Monument | category | Contributing_property</mtriple>
      </modifiedtripleset>
      <lex comment="good" lid="Id1">The 11th Mississippi Infantry Monument, USA, is categorised as a contributing property and was established in 2000.</lex>
      <lex comment="good" lid="Id2">The 11th Mississippi Infantry monument was established in the US in 2000 and falls under the category of Contributing property.</lex>
      <lex comment="good" lid="Id3">The 11th Mississippi Infantry Monument in the United States was established in the year 2000, and is categorized as a Contributing Property.</lex>
    </entry>
    <entry category="Monument" eid="Id2" size="3">
      <originaltripleset>
        <otriple>11th_Mississippi_Infantry_Monument | country | "United States"@en</otriple>
        <otriple>11th_Mississippi_Infantry_Monument | region | Adams_County,_Pennsylvania</otriple>
        <otriple>11th_Mississippi_Infantry_Monument | category | Contributing_property</otriple>
      </originaltripleset>
      <modifiedtripleset>
        <mtriple>11th_Mississippi_Infantry_Monument | country | "United States"</mtriple>
        <mtriple>11th_Mississippi_Infantry_Monument | location | Adams_County,_Pennsylvania</mtriple>
        <mtriple>11th_Mississippi_Infantry_Monument | category | Contributing_property</mtriple>
      </modifiedtripleset>
      <lex comment="good" lid="Id1">The 11th Mississippi Infantry Monument, categorized as a Contributing Property, is located in Adams County, Pennsylvania, US.</lex>
      <lex comment="good" lid="Id2">The 11th Mississippi Infantry Monument is located in Adams County, Pennsylvania in the United States, and falls under the category of Contributing property.</lex>
      </entry>
    <entry category="Monument" eid="Id3" size="3">
      <originaltripleset>
        <otriple>11th_Mississippi_Infantry_Monument | established | 2000</otriple>
        <otriple>11th_Mississippi_Infantry_Monument | category | Contributing_property</otriple>
        <otriple>11th_Mississippi_Infantry_Monument | municipality | Gettysburg,_Pennsylvania</otriple>
      </originaltripleset>
      <modifiedtripleset>
        <mtriple>11th_Mississippi_Infantry_Monument | established | 2000</mtriple>
        <mtriple>11th_Mississippi_Infantry_Monument | category | Contributing_property</mtriple>
        <mtriple>11th_Mississippi_Infantry_Monument | municipality | Gettysburg,_Pennsylvania</mtriple>
      </modifiedtripleset>
      <lex comment="good" lid="Id1">The 11th Mississippi Infantry monument which was erected in 2000 falls under the category of Contributing property. It is located in the municipality of Gettysburg, Pennsylvania.</lex>
      <lex comment="good" lid="Id2">The 11th Mississippi Infantry Monument (established in 2000) is located in Gettysburg, Pennsylvania, and falls under the category of Contributing property.</lex>
    </entry>
    <entry category="Monument" eid="Id4" size="3">
      <originaltripleset>
        <otriple>11th_Mississippi_Infantry_Monument | region | Adams_County,_Pennsylvania</otriple>
        <otriple>11th_Mississippi_Infantry_Monument | category | Contributing_property</otriple>
        <otriple>11th_Mississippi_Infantry_Monument | municipality | Gettysburg,_Pennsylvania</otriple>
      </originaltripleset>
      <modifiedtripleset>
        <mtriple>11th_Mississippi_Infantry_Monument | location | Adams_County,_Pennsylvania</mtriple>
        <mtriple>11th_Mississippi_Infantry_Monument | category | Contributing_property</mtriple>
        <mtriple>11th_Mississippi_Infantry_Monument | municipality | Gettysburg,_Pennsylvania</mtriple>
      </modifiedtripleset>
      <lex comment="good" lid="Id1">Gettysburg, Adams County, Pennsylvania is the location of the 11th Mississippi Infantry Monument which is categorised as contributing property.</lex>
      <lex comment="good" lid="Id2">The 11th Mississippi Infantry Monument, categorised as a contributing property, is found in the municipality of Gettysburg, Adams County, Pennsylvania.</lex>
      <lex comment="good" lid="Id3">The 11th Mississippi Infantry Monument, categorized as a Contributing Property, is placed in the municipality of Gettysburg, the Adams County of Pennsylvania.</lex>
    </entry>
    <entry category="Monument" eid="Id5" size="3">
      <originaltripleset>
        <otriple>11th_Mississippi_Infantry_Monument | region | Adams_County,_Pennsylvania</otriple>
        <otriple>11th_Mississippi_Infantry_Monument | established | 2000</otriple>
        <otriple>11th_Mississippi_Infantry_Monument | category | Contributing_property</otriple>
      </originaltripleset>
      <modifiedtripleset>
        <mtriple>11th_Mississippi_Infantry_Monument | location | Adams_County,_Pennsylvania</mtriple>
        <mtriple>11th_Mississippi_Infantry_Monument | established | 2000</mtriple>
        <mtriple>11th_Mississippi_Infantry_Monument | category | Contributing_property</mtriple>
      </modifiedtripleset>
      <lex comment="good" lid="Id1">The 11th Mississippi Infantry Monument which is located in Adams County, Pennsylvania. It was established in 2000 and falls under the category of contributing property.</lex>
      <lex comment="good" lid="Id2">The location of the 11th Mississippi Infantry Monument is Adams County, Pennsylvania and was established in 2000 where it is categorised as contributing property,.</lex>
      <lex comment="good" lid="Id3">The 11th Mississippi Infantry Monument (completed in 2000) is located in Adams County, Pennsylvania, and falls under the category of Contributing property.</lex>
    </entry>
    <entry category="Monument" eid="Id6" size="3">
      <originaltripleset>
        <otriple>11th_Mississippi_Infantry_Monument | state | "Pennsylvania"@en</otriple>
        <otriple>11th_Mississippi_Infantry_Monument | category | Contributing_property</otriple>
        <otriple>11th_Mississippi_Infantry_Monument | municipality | Gettysburg,_Pennsylvania</otriple>
      </originaltripleset>
      <modifiedtripleset>
        <mtriple>11th_Mississippi_Infantry_Monument | state | "Pennsylvania"</mtriple>
        <mtriple>11th_Mississippi_Infantry_Monument | category | Contributing_property</mtriple>
        <mtriple>11th_Mississippi_Infantry_Monument | municipality | Gettysburg,_Pennsylvania</mtriple>
      </modifiedtripleset>
      <lex comment="good" lid="Id1">The 11th Mississippi Infantry Monument, in the municipality of Gettysburg Pennsylvania, falls under the category of Contributing property.</lex>
      <lex comment="good" lid="Id2">Gettysburg, Pennsylvania is the location of the 11th Mississippi Infantry monument which falls under the category of contributing property.</lex>
      <lex comment="good" lid="Id3">The 11th Mississippi Infantry Monument, located in Gettysbury in the state of Pennsylvania, is categorised as a contributing property.</lex>
    </entry>
    <entry category="Monument" eid="Id7" size="3">
      <originaltripleset>
        <otriple>11th_Mississippi_Infantry_Monument | state | "Pennsylvania"@en</otriple>
        <otriple>11th_Mississippi_Infantry_Monument | established | 2000</otriple>
        <otriple>11th_Mississippi_Infantry_Monument | category | Contributing_property</otriple>
      </originaltripleset>
      <modifiedtripleset>
        <mtriple>11th_Mississippi_Infantry_Monument | state | "Pennsylvania"</mtriple>
        <mtriple>11th_Mississippi_Infantry_Monument | established | 2000</mtriple>
        <mtriple>11th_Mississippi_Infantry_Monument | category | Contributing_property</mtriple>
      </modifiedtripleset>
      <lex comment="good" lid="Id1">The 11th Mississippi Infantry Monument in Pennsylvania was completed in 2000 and is categorized as a contributing property.</lex>
      <lex comment="good" lid="Id2">The 11th Mississippi Infantry Monument, Pennsylvania, is categorised as a contributing property and was established in 2000..</lex>
      <lex comment="good" lid="Id3">The 11th Mississippi Infantry Monument (established in 2000) stands in the state of Pennsylvania, and is categorised as a contributing property.</lex>
    </entry>
    <entry category="Monument" eid="Id8" size="3">
      <originaltripleset>
        <otriple>14th_New_Jersey_Volunteer_Infantry_Monument | category | Historic_districts_in_the_United_States</otriple>
        <otriple>14th_New_Jersey_Volunteer_Infantry_Monument | district | Monocacy_National_Battlefield</otriple>
        <otriple>14th_New_Jersey_Volunteer_Infantry_Monument | established | "1907-07-11"^^xsd:date</otriple>
      </originaltripleset>
      <modifiedtripleset>
        <mtriple>14th_New_Jersey_Volunteer_Infantry_Monument | category | Historic_districts_in_the_United_States</mtriple>
        <mtriple>14th_New_Jersey_Volunteer_Infantry_Monument | district | Monocacy_National_Battlefield</mtriple>
        <mtriple>14th_New_Jersey_Volunteer_Infantry_Monument | established | "1907-07-11"</mtriple>
      </modifiedtripleset>
      <lex comment="good" lid="Id1">The 14th New Jersey Infantry Monument which is located in the Monocacy National Battlefield was established on 11 July 1907. It falls within the category of Historic districts in the US.</lex>
      <lex comment="good" lid="Id2">Monocacy National Battlefield is the location of the 14th New Jersey Volunteer Infantry monument which was established on 11 July 1907 and belongs to the category of historic districts in the US.</lex>
      <lex comment="good" lid="Id3">The 14th New Jersey Volunteer Infantry Monument was established on 11 July 1907 and is located in the Monocacy National Battlefield. being a historic district in the United States.</lex>
    </entry>
    <entry category="Monument" eid="Id9" size="3">
      <originaltripleset>
        <otriple>14th_New_Jersey_Volunteer_Infantry_Monument | category | Historic_districts_in_the_United_States</otriple>
        <otriple>14th_New_Jersey_Volunteer_Infantry_Monument | district | Monocacy_National_Battlefield</otriple>
        <otriple>Monocacy_National_Battlefield | nearestCity | Frederick,_Maryland</otriple>
      </originaltripleset>
      <modifiedtripleset>
        <mtriple>14th_New_Jersey_Volunteer_Infantry_Monument | category | Historic_districts_in_the_United_States</mtriple>
        <mtriple>14th_New_Jersey_Volunteer_Infantry_Monument | district | Monocacy_National_Battlefield</mtriple>
        <mtriple>Monocacy_National_Battlefield | nearestCity | Frederick,_Maryland</mtriple>
      </modifiedtripleset>
      <lex comment="good" lid="Id1">Frederick, Maryland is the nearest city to Monocacy National Battlefield which is the location of the 14th New Jersey Volunteer Infantry Monument. The monument is categorised as a historic district in the US.</lex>
      <lex comment="good" lid="Id2">The 14th New Jersey Volunteer Infantry Monument, categorised as a historic district in the United States, is located in the Monocacy National Battlefield and has Frederick, Maryland as its nearest city.</lex>
    </entry>
    <entry category="Monument" eid="Id10" size="3">
      <originaltripleset>
        <otriple>14th_New_Jersey_Volunteer_Infantry_Monument | category | Historic_districts_in_the_United_States</otriple>
        <otriple>14th_New_Jersey_Volunteer_Infantry_Monument | owningOrganisation | National_Park_Service</otriple>
        <otriple>14th_New_Jersey_Volunteer_Infantry_Monument | established | "1907-07-11"^^xsd:date</otriple>
      </originaltripleset>
      <modifiedtripleset>
        <mtriple>14th_New_Jersey_Volunteer_Infantry_Monument | category | Historic_districts_in_the_United_States</mtriple>
        <mtriple>14th_New_Jersey_Volunteer_Infantry_Monument | owningOrganisation | National_Park_Service</mtriple>
        <mtriple>14th_New_Jersey_Volunteer_Infantry_Monument | established | "1907-07-11"</mtriple>
      </modifiedtripleset>
      <lex comment="good" lid="Id1">The 14th New Jersey Volunteer Infantry Monument (est. July 11th, 1907) is a historic district in the US provided by the National Park Service.</lex>
      <lex comment="good" lid="Id2">The 14th New Jersey Volunteer Infantry Monument (established 1907-07-11) is categorised as a historic district in the United States, and is owned by the National Park Service.</lex>
    </entry>
    <entry category="Monument" eid="Id11" size="3">
      <originaltripleset>
        <otriple>14th_New_Jersey_Volunteer_Infantry_Monument | country | "United States"@en</otriple>
        <otriple>14th_New_Jersey_Volunteer_Infantry_Monument | category | Historic_districts_in_the_United_States</otriple>
        <otriple>14th_New_Jersey_Volunteer_Infantry_Monument | established | "1907-07-11"^^xsd:date</otriple>
      </originaltripleset>
      <modifiedtripleset>
        <mtriple>14th_New_Jersey_Volunteer_Infantry_Monument | country | "United States"</mtriple>
        <mtriple>14th_New_Jersey_Volunteer_Infantry_Monument | category | Historic_districts_in_the_United_States</mtriple>
        <mtriple>14th_New_Jersey_Volunteer_Infantry_Monument | established | "1907-07-11"</mtriple>
      </modifiedtripleset>
      <lex comment="good" lid="Id1">The 14th New Jersey Volunteer Infantry Monument in the United States was established on 11th July 1907, and belongs to the category of Historic districts.</lex>
      <lex comment="good" lid="Id2">The 14th New Jersey Volunteer Infantry Monument (established 1907-07-11) is located in the United States, where it belongs to the category of Historic districts.</lex>
    </entry>
    <entry category="Monument" eid="Id12" size="3">
      <originaltripleset>
        <otriple>14th_New_Jersey_Volunteer_Infantry_Monument | established | "1907-07-11"^^xsd:date</otriple>
        <otriple>14th_New_Jersey_Volunteer_Infantry_Monument | district | Monocacy_National_Battlefield</otriple>
        <otriple>Monocacy_National_Battlefield | nearestCity | Frederick,_Maryland</otriple>
      </originaltripleset>
      <modifiedtripleset>
        <mtriple>14th_New_Jersey_Volunteer_Infantry_Monument | established | "1907-07-11"</mtriple>
        <mtriple>14th_New_Jersey_Volunteer_Infantry_Monument | district | Monocacy_National_Battlefield</mtriple>
        <mtriple>Monocacy_National_Battlefield | nearestCity | Frederick,_Maryland</mtriple>
      </modifiedtripleset>
      <lex comment="good" lid="Id1">Frederick Maryland is the nearest city to Monocacy National Battlefield where the 14th New Jersey Volunteer infantry monument is located. It was established on 11 July 1907.</lex>
      <lex comment="good" lid="Id2">The Monocacy National Battlefield is where the 14th New Jersey Volunteer Infantry Monument, established on 11 July 1907, is located. The closest city is Frederick, Maryland.</lex>
      <lex comment="good" lid="Id3">The 14th New Jersey Volunteer Infantry Monument (established 1907-07-11) is located in the Monocacy National Battlefield, with Frederick, Maryland as its nearest city.</lex>
    </entry>
    <entry category="Monument" eid="Id13" size="3">
      <originaltripleset>
        <otriple>Adams_County,_Pennsylvania | north | Cumberland_County,_Pennsylvania</otriple>
        <otriple>11th_Mississippi_Infantry_Monument | category | Contributing_property</otriple>
        <otriple>11th_Mississippi_Infantry_Monument | region | Adams_County,_Pennsylvania</otriple>
      </originaltripleset>
      <modifiedtripleset>
        <mtriple>Adams_County,_Pennsylvania | has to its north | Cumberland_County,_Pennsylvania</mtriple>
        <mtriple>11th_Mississippi_Infantry_Monument | category | Contributing_property</mtriple>
        <mtriple>11th_Mississippi_Infantry_Monument | location | Adams_County,_Pennsylvania</mtriple>
      </modifiedtripleset>
      <lex comment="good" lid="Id1">The 11th Mississippi Infantry Monument is contained within the category of Contributing property and is located in Adams County, Pennsylvania. Adams County is south of Cumberland County, Pennsylvania.</lex>
      <lex comment="good" lid="Id2">Cumberland County is located to the north of Adams County, Pennsylvania where the 11th Mississippi Infantry monument is located and categorised as contributing property.</lex>
      </entry>
    <entry category="Monument" eid="Id14" size="3">
      <originaltripleset>
        <otriple>Adams_County,_Pennsylvania | southeast | Carroll_County,_Maryland</otriple>
        <otriple>11th_Mississippi_Infantry_Monument | category | Contributing_property</otriple>
        <otriple>11th_Mississippi_Infantry_Monument | region | Adams_County,_Pennsylvania</otriple>
      </originaltripleset>
      <modifiedtripleset>
        <mtriple>Adams_County,_Pennsylvania | has to its southeast | Carroll_County,_Maryland</mtriple>
        <mtriple>11th_Mississippi_Infantry_Monument | category | Contributing_property</mtriple>
        <mtriple>11th_Mississippi_Infantry_Monument | location | Adams_County,_Pennsylvania</mtriple>
      </modifiedtripleset>
      <lex comment="good" lid="Id1">Carrol County Maryland is located to the southeast of Adams County, Pennsylvania where the 11th Mississippi Infantry Monument is located. The monument is categorised as a contributing property.</lex>
      <lex comment="good" lid="Id2">The 11th Mississippi Infantry Monument, a contributing property, is located in Adams County, Pennsylvania, which has Carrol County to its southeast.</lex>
      <lex comment="good" lid="Id3">11th Mississippi Infantry Monument, located in Adams County, Pennsylvania, northwest of Carrol County, Maryland is categorised as a contributing property.</lex>
    </entry>
    <entry category="Monument" eid="Id15" size="3">
      <originaltripleset>
        <otriple>Adams_County,_Pennsylvania | southeast | Carroll_County,_Maryland</otriple>
        <otriple>11th_Mississippi_Infantry_Monument | established | 2000</otriple>
        <otriple>11th_Mississippi_Infantry_Monument | region | Adams_County,_Pennsylvania</otriple>
      </originaltripleset>
      <modifiedtripleset>
        <mtriple>Adams_County,_Pennsylvania | has to its southeast | Carroll_County,_Maryland</mtriple>
        <mtriple>11th_Mississippi_Infantry_Monument | established | 2000</mtriple>
        <mtriple>11th_Mississippi_Infantry_Monument | location | Adams_County,_Pennsylvania</mtriple>
      </modifiedtripleset>
      <lex comment="good" lid="Id1">The 11th Mississippi Infantry Monument which was completed in 2000 is located in Adams County, Pennsylania. Adams County is to the north west of Carrol County, Maryland.</lex>
      <lex comment="good" lid="Id2">The 11th Mississippi Infantry Monument, established in 2000, is located in Adams County Pennsylvania, with Carrol County to the southeast.</lex>
    </entry>
    <entry category="Monument" eid="Id16" size="3">
      <originaltripleset>
        <otriple>Adams_County,_Pennsylvania | southeast | Carroll_County,_Maryland</otriple>
        <otriple>Adams_County,_Pennsylvania | north | Cumberland_County,_Pennsylvania</otriple>
        <otriple>11th_Mississippi_Infantry_Monument | region | Adams_County,_Pennsylvania</otriple>
      </originaltripleset>
      <modifiedtripleset>
        <mtriple>Adams_County,_Pennsylvania | has to its southeast | Carroll_County,_Maryland</mtriple>
        <mtriple>Adams_County,_Pennsylvania | has to its north | Cumberland_County,_Pennsylvania</mtriple>
        <mtriple>11th_Mississippi_Infantry_Monument | location | Adams_County,_Pennsylvania</mtriple>
      </modifiedtripleset>
      <lex comment="good" lid="Id1">The 11th Mississippi Infantry Monument is located in Adams County, Pennsylvania, which has Carrol County to its southeast and Cumberland County at its north.</lex>
      <lex comment="good" lid="Id2">The 11th Mississippi Infantry Monument is located in Adams County, Pennsylvania, which has Carrol county, Maryland to its southeast and Cumberland county, Pennsylvania to its north.</lex>
      </entry>
    <entry category="Monument" eid="Id17" size="3">
      <originaltripleset>
        <otriple>Adams_County,_Pennsylvania | southeast | Carroll_County,_Maryland</otriple>
        <otriple>Adams_County,_Pennsylvania | southwest | Frederick_County,_Maryland</otriple>
        <otriple>11th_Mississippi_Infantry_Monument | region | Adams_County,_Pennsylvania</otriple>
      </originaltripleset>
      <modifiedtripleset>
        <mtriple>Adams_County,_Pennsylvania | has to its southeast | Carroll_County,_Maryland</mtriple>
        <mtriple>Adams_County,_Pennsylvania | has to its southwest | Frederick_County,_Maryland</mtriple>
        <mtriple>11th_Mississippi_Infantry_Monument | location | Adams_County,_Pennsylvania</mtriple>
      </modifiedtripleset>
      <lex comment="good" lid="Id1">Adams County Pennsylvania is the location of the 11th Mississippi Infantry monument. Frederick County, Maryland is to the southwest and Carrol County to the southeast.</lex>
      <lex comment="good" lid="Id2">The 11th Mississippi Infantry Monument is located in Adams County, Pennsylvania. It is easily reachable from Maryland, having Carrol County to its southeast, and Frederick County to the southwest.</lex>
    </entry>
    <entry category="Monument" eid="Id18" size="3">
      <originaltripleset>
        <otriple>Atatürk_Monument_(İzmir) | designer | Pietro_Canonica</otriple>
        <otriple>Turkey | capital | Ankara</otriple>
        <otriple>Atatürk_Monument_(İzmir) | location | Turkey</otriple>
      </originaltripleset>
      <modifiedtripleset>
        <mtriple>Atatürk_Monument_(İzmir) | designer | Pietro_Canonica</mtriple>
        <mtriple>Turkey | capital | Ankara</mtriple>
        <mtriple>Atatürk_Monument_(İzmir) | location | Turkey</mtriple>
      </modifiedtripleset>
      <lex comment="good" lid="Id1">The Atatürk Monument (İzmir) was designed by Pietro Canonnica, and can be found in Turkey, where the capital is Ankara.</lex>
      <lex comment="good" lid="Id2">Pietro Canonica is the designer of the Ataturk Monument (Izmir) in Turkey, where the capital is Ankara.</lex>
    </entry>
    <entry category="Monument" eid="Id19" size="3">
      <originaltripleset>
        <otriple>Atatürk_Monument_(İzmir) | open | "1932-07-27"^^xsd:date</otriple>
        <otriple>Atatürk_Monument_(İzmir) | location | Turkey</otriple>
        <otriple>Atatürk_Monument_(İzmir) | designer | Pietro_Canonica</otriple>
      </originaltripleset>
      <modifiedtripleset>
        <mtriple>Atatürk_Monument_(İzmir) | inaugurationDate | "1932-07-27"</mtriple>
        <mtriple>Atatürk_Monument_(İzmir) | location | Turkey</mtriple>
        <mtriple>Atatürk_Monument_(İzmir) | designer | Pietro_Canonica</mtriple>
      </modifiedtripleset>
      <lex comment="good" lid="Id1">The Pietro Canonica designed Ataturk Monument was inaugurated on 27th July, 1932 and is located in Turkey.</lex>
      <lex comment="good" lid="Id2">Pietro Canonica designed the Ataturk monument which is located in Izmir, Turkey. It was inaugurated on 27 July 1932.</lex>
      <lex comment="good" lid="Id3">The Ataturk Monument in Turkey, designed by Pietro Canonica, was inaugurated on the 1932-07-27.</lex>
    </entry>
    <entry category="Monument" eid="Id20" size="3">
      <originaltripleset>
        <otriple>Atatürk_Monument_(İzmir) | open | "1932-07-27"^^xsd:date</otriple>
        <otriple>Atatürk_Monument_(İzmir) | location | Turkey</otriple>
        <otriple>Atatürk_Monument_(İzmir) | material | "Bronze"@en</otriple>
      </originaltripleset>
      <modifiedtripleset>
        <mtriple>Atatürk_Monument_(İzmir) | inaugurationDate | "1932-07-27"</mtriple>
        <mtriple>Atatürk_Monument_(İzmir) | location | Turkey</mtriple>
        <mtriple>Atatürk_Monument_(İzmir) | material | "Bronze"</mtriple>
      </modifiedtripleset>
      <lex comment="good" lid="Id1">The inauguration date of the Atatürk Monument, made of Bronze, in Izmir is the 27th of July, 1932 and located in İzmir, Turkey.</lex>
      <lex comment="good" lid="Id2">The bronze Ataturk monument is located in Izmir, Turkey and was inaugurated on 27 July 1932.</lex>
    </entry>
    <entry category="Monument" eid="Id21" size="3">
      <originaltripleset>
        <otriple>Azerbaijan | capital | Baku</otriple>
        <otriple>Baku_Turkish_Martyrs'_Memorial | location | Azerbaijan</otriple>
        <otriple>Azerbaijan | leaderName | Artur_Rasizade</otriple>
      </originaltripleset>
      <modifiedtripleset>
        <mtriple>Azerbaijan | capital | Baku</mtriple>
        <mtriple>Baku_Turkish_Martyrs'_Memorial | location | Azerbaijan</mtriple>
        <mtriple>Azerbaijan | leaderName | Artur_Rasizade</mtriple>
      </modifiedtripleset>
      <lex comment="good" lid="Id1">The Baku Turkish Martyr's Memorial is located in the capital city Baku in Azerbaijan where its leader is Artur Rasizade.</lex>
      <lex comment="good" lid="Id2">Artur Rasizade is the leader of Azerbaijan. The capital is Baku where the Turkish martyrs memorial is located.</lex>
      <lex comment="good" lid="Id3">The Baku Turkish Martyr's Memorial is located in Baku, the capital of Azerbaijan, lead by Artur Rasizade.</lex>
    </entry>
    <entry category="Monument" eid="Id22" size="3">
      <originaltripleset>
        <otriple>Azerbaijan | leaderTitle | Prime_Minister_of_Azerbaijan</otriple>
        <otriple>Baku_Turkish_Martyrs'_Memorial | location | Azerbaijan</otriple>
        <otriple>Azerbaijan | leaderName | Artur_Rasizade</otriple>
      </originaltripleset>
      <modifiedtripleset>
        <mtriple>Azerbaijan | leaderTitle | Prime_Minister_of_Azerbaijan</mtriple>
        <mtriple>Baku_Turkish_Martyrs'_Memorial | location | Azerbaijan</mtriple>
        <mtriple>Azerbaijan | leaderName | Artur_Rasizade</mtriple>
      </modifiedtripleset>
      <lex comment="good" lid="Id1">The Turkish martyrs memorial is located in Baku, Azerbaijan, which has Artur Rasizade as its Prime Minister and leader.</lex>
      <lex comment="good" lid="Id2">The Baku Turkish Martyrs' Memorial is found in Azerbaijan, a country led by the Prime Minister Artur Rasizade.</lex>
    </entry>
    <entry category="Monument" eid="Id23" size="3">
      <originaltripleset>
        <otriple>Azerbaijan | leaderTitle | Prime_Minister_of_Azerbaijan</otriple>
        <otriple>Baku_Turkish_Martyrs'_Memorial | location | Azerbaijan</otriple>
        <otriple>Baku_Turkish_Martyrs'_Memorial | designer | "Hüseyin Bütüner and Hilmi Güner"@en</otriple>
      </originaltripleset>
      <modifiedtripleset>
        <mtriple>Azerbaijan | leaderTitle | Prime_Minister_of_Azerbaijan</mtriple>
        <mtriple>Baku_Turkish_Martyrs'_Memorial | location | Azerbaijan</mtriple>
        <mtriple>Baku_Turkish_Martyrs'_Memorial | designer | "Hüseyin Bütüner and Hilmi Güner"</mtriple>
      </modifiedtripleset>
      <lex comment="good" lid="Id1">Huseyin Butuner and Hilmi Guner designed the Baku Turkish Martyrs memorial which is located in Azerbaijan. The official title of the leader of that country is the Prime Minister of Azerbaijan.</lex>
      <lex comment="good" lid="Id2">The Baku Turkish Martyrs' Memorial, designed by Huseyin Butuner and Hilmi Guner, is located in Azerbaijan, where the title of the leader is Prime Minister of Azerbaijan.</lex>
    </entry>
    <entry category="Monument" eid="Id24" size="3">
      <originaltripleset>
        <otriple>Baku_Turkish_Martyrs'_Memorial | dedicatedTo | "Ottoman Army soldiers killed in the Battle of Baku"@en</otriple>
        <otriple>Baku_Turkish_Martyrs'_Memorial | designer | "Hüseyin Bütüner and Hilmi Güner"@en</otriple>
        <otriple>Baku_Turkish_Martyrs'_Memorial | material | "Red granite and white marble"@en</otriple>
      </originaltripleset>
      <modifiedtripleset>
        <mtriple>Baku_Turkish_Martyrs'_Memorial | dedicatedTo | "Ottoman Army soldiers killed in the Battle of Baku"</mtriple>
        <mtriple>Baku_Turkish_Martyrs'_Memorial | designer | "Hüseyin Bütüner and Hilmi Güner"</mtriple>
        <mtriple>Baku_Turkish_Martyrs'_Memorial | material | "Red granite and white marble"</mtriple>
      </modifiedtripleset>
      <lex comment="good" lid="Id1">Huseyin Butuner and Hilmi Guner designed the Baku Turkish Martyrs memorial in red granite and white marble. It is dedicated to the soldiers of the Ottoman army who died in the battle of Baku.</lex>
      <lex comment="good" lid="Id2">Huseyin Butuner and Hilmi Guner designed the Baku Turkish Martyrs memorial in red granite and white marble. It is dedicated to the Ottoman Army soldiers who died in the battle of Baku.</lex>
      <lex comment="good" lid="Id3">The Baku Turkish Martyrs' Memorial, designed by Huseyin Butuner and Hilmi Guner, is made from red granite and white marble, and is dedicated to the Ottoman Army Soldiers killed in the Battle of Baku.</lex>
    </entry>
    <entry category="Monument" eid="Id25" size="3">
      <originaltripleset>
        <otriple>Baku_Turkish_Martyrs'_Memorial | location | Azerbaijan</otriple>
        <otriple>Baku_Turkish_Martyrs'_Memorial | nativeName | "Türk Şehitleri Anıtı"@en</otriple>
        <otriple>Baku_Turkish_Martyrs'_Memorial | material | "Red granite and white marble"@en</otriple>
      </originaltripleset>
      <modifiedtripleset>
        <mtriple>Baku_Turkish_Martyrs'_Memorial | location | Azerbaijan</mtriple>
        <mtriple>Baku_Turkish_Martyrs'_Memorial | nativeName | "Türk Şehitleri Anıtı"</mtriple>
        <mtriple>Baku_Turkish_Martyrs'_Memorial | material | "Red granite and white marble"</mtriple>
      </modifiedtripleset>
      <lex comment="good" lid="Id1">The Baku Turkish Martyrs memorial is made of red granite and white marble and can be found in Azerbaijan. It is also known as Turk Sehitleri Aniti.</lex>
      <lex comment="good" lid="Id2">The red granite and white marble Baku Turkish Martyrs memorial, the native name being Turk Sehitleri Aniti, is found in Azerbaijan.</lex>
      <lex comment="good" lid="Id3">The red granite and white marble Baku Turkish Martyrs' Memorial is located in Azerbaijan, where its local name is Turk Sehitleri Aniti.</lex>
    </entry>
    <entry category="Monument" eid="Id26" size="3">
      <originaltripleset>
        <otriple>Baku_Turkish_Martyrs'_Memorial | nativeName | "Türk Şehitleri Anıtı"@en</otriple>
        <otriple>Baku_Turkish_Martyrs'_Memorial | designer | "Hüseyin Bütüner and Hilmi Güner"@en</otriple>
        <otriple>Baku_Turkish_Martyrs'_Memorial | material | "Red granite and white marble"@en</otriple>
      </originaltripleset>
      <modifiedtripleset>
        <mtriple>Baku_Turkish_Martyrs'_Memorial | nativeName | "Türk Şehitleri Anıtı"</mtriple>
        <mtriple>Baku_Turkish_Martyrs'_Memorial | designer | "Hüseyin Bütüner and Hilmi Güner"</mtriple>
        <mtriple>Baku_Turkish_Martyrs'_Memorial | material | "Red granite and white marble"</mtriple>
      </modifiedtripleset>
      <lex comment="good" lid="Id1">Huseyin Butuner and Hilmi Guner designed the Baku Turkish Martyrs memorial from red granite and white marble. The native name for this memorial is Turk Sehitleri Aniti.</lex>
      <lex comment="good" lid="Id2">Huseyin Butuner and Hilmi Guner designed the Baku Turkish Martyrs memorial in red granite and white marble. The native name of the memorial is Turk Sehitleri Aniti.</lex>
      <lex comment="good" lid="Id3">The Baku Turkish Martyrs Memorial was designed in red granite and white marble by Hüseyin Bütüner and Hilmi Güner, and is known in Turkish as Turk Sehitleri Aniti.</lex>
    </entry>
    <entry category="Monument" eid="Id27" size="3">
      <originaltripleset>
        <otriple>Dead_Man's_Plack | location | England</otriple>
        <otriple>Dead_Man's_Plack | dedicatedTo | Æthelwald,_Ealdorman_of_East_Anglia</otriple>
        <otriple>Dead_Man's_Plack | material | Rock_(geology)</otriple>
      </originaltripleset>
      <modifiedtripleset>
        <mtriple>Dead_Man's_Plack | location | England</mtriple>
        <mtriple>Dead_Man's_Plack | dedicatedTo | Æthelwald,_Ealdorman_of_East_Anglia</mtriple>
        <mtriple>Dead_Man's_Plack | material | Rock_(geology)</mtriple>
      </modifiedtripleset>
      <lex comment="good" lid="Id1">The Dead Man's Plack in England, made with rock, is dedicated to Æthelwald, Ealdorman of East Anglia.</lex>
      <lex comment="good" lid="Id2">Dead Man's Plack in England is made of rock and dedicated to Ethelwald, Ealdorman of East Anglia.</lex>
    </entry>
    <entry category="Monument" eid="Id28" size="3">
      <originaltripleset>
        <otriple>Dead_Man's_Plack | location | England</otriple>
        <otriple>Dead_Man's_Plack | dedicatedTo | Æthelwald,_Ealdorman_of_East_Anglia</otriple>
        <otriple>England | languages | Cornish_language</otriple>
      </originaltripleset>
      <modifiedtripleset>
        <mtriple>Dead_Man's_Plack | location | England</mtriple>
        <mtriple>Dead_Man's_Plack | dedicatedTo | Æthelwald,_Ealdorman_of_East_Anglia</mtriple>
        <mtriple>England | languages | Cornish_language</mtriple>
      </modifiedtripleset>
      <lex comment="good" lid="Id1">Dead Man's Plack, which is located in England is dedicated to Ethelwald, Ealdorman of East Anglia. England is also home of the Cornish language which is still spoken.</lex>
      <lex comment="good" lid="Id2">The Dead Man's Plack, dedicated to Æthelwald, Ealdorman of East Anglia, is located in England, where one of the languages spoken is Cornish (in the Cornwall region).</lex>
      <lex comment="good" lid="Id3">The Dead Man's Plack, dedicated to Æthelwald, Ealdorman of East Anglia, is located in England, where the Cornish language is spoken.</lex>
    </entry>
    <entry category="Monument" eid="Id29" size="3">
      <originaltripleset>
        <otriple>Dead_Man's_Plack | location | England</otriple>
        <otriple>England | capital | London</otriple>
        <otriple>Dead_Man's_Plack | dedicatedTo | Æthelwald,_Ealdorman_of_East_Anglia</otriple>
      </originaltripleset>
      <modifiedtripleset>
        <mtriple>Dead_Man's_Plack | location | England</mtriple>
        <mtriple>England | capital | London</mtriple>
        <mtriple>Dead_Man's_Plack | dedicatedTo | Æthelwald,_Ealdorman_of_East_Anglia</mtriple>
      </modifiedtripleset>
      <lex comment="good" lid="Id1">The Dead Man's Plack is found in England (capital: London), and is dedicated to Æthelwald, Ealdorman of East Anglia.</lex>
    </entry>
    <entry category="Monument" eid="Id30" size="3">
      <originaltripleset>
        <otriple>Dead_Man's_Plack | location | England</otriple>
        <otriple>England | ethnicGroups | British_Arabs</otriple>
        <otriple>England | capital | London</otriple>
      </originaltripleset>
      <modifiedtripleset>
        <mtriple>Dead_Man's_Plack | location | England</mtriple>
        <mtriple>England | ethnicGroups | British_Arabs</mtriple>
        <mtriple>England | capital | London</mtriple>
      </modifiedtripleset>
      <lex comment="good" lid="Id1">One of the ethnic groups in England is the British Arabs. The capital of England is London and England is also the home of Dead Mans Plack.</lex>
      <lex comment="good" lid="Id2">The British Arabs, an English ethnic group, went to visit the DeadMan's Plack, a monument near the capital city of London.</lex>
      <lex comment="good" lid="Id3">The Dead Man's Plack is located in England whose capital is London; the British Arabs are an English ethnic group.</lex>
    </entry>
    <entry category="Monument" eid="Id31" size="3">
      <originaltripleset>
        <otriple>Dead_Man's_Plack | location | England</otriple>
        <otriple>England | ethnicGroups | British_Arabs</otriple>
        <otriple>England | languages | Cornish_language</otriple>
      </originaltripleset>
      <modifiedtripleset>
        <mtriple>Dead_Man's_Plack | location | England</mtriple>
        <mtriple>England | ethnicGroups | British_Arabs</mtriple>
        <mtriple>England | languages | Cornish_language</mtriple>
      </modifiedtripleset>
      <lex comment="good" lid="Id1">England is a country where Cornish is spoken in the Cornwall region, British Arabs are an ethnic group and Dead Man's Plack is found.</lex>
      <lex comment="good" lid="Id2">The Cornish language is still spoken in England where one can find Dead Man's Plack. One of the ethnic groups to be found in England is that of the British Arabs.</lex>
      <lex comment="good" lid="Id3">The Dead Man's Plack is in England, a country which includes the ethnic group of British Arabs, and has Cornish as one of its languages.</lex>
    </entry>
    <entry category="Monument" eid="Id32" size="3">
      <originaltripleset>
        <otriple>Dead_Man's_Plack | location | England</otriple>
        <otriple>England | religion | Church_of_England</otriple>
        <otriple>Dead_Man's_Plack | material | Rock_(geology)</otriple>
      </originaltripleset>
      <modifiedtripleset>
        <mtriple>Dead_Man's_Plack | location | England</mtriple>
        <mtriple>England | religion | Church_of_England</mtriple>
        <mtriple>Dead_Man's_Plack | material | Rock_(geology)</mtriple>
      </modifiedtripleset>
      <lex comment="good" lid="Id1">Dead Man's Plack, made of rock, is in England, where the established religion in England is The Church of England.</lex>
      <lex comment="good" lid="Id2">Dead Man's Plack is a rock formation found in England where the established religion is The Church of England.</lex>
      <lex comment="good" lid="Id3">Dead Mans Plack is made of rock and located in England where the established religion is The Church of England.</lex>
    </entry>
    <entry category="Monument" eid="Id33" size="3">
      <originaltripleset>
        <otriple>Monocacy_National_Battlefield | location | Frederick_County,_Maryland</otriple>
        <otriple>14th_New_Jersey_Volunteer_Infantry_Monument | category | Historic_districts_in_the_United_States</otriple>
        <otriple>14th_New_Jersey_Volunteer_Infantry_Monument | district | Monocacy_National_Battlefield</otriple>
      </originaltripleset>
      <modifiedtripleset>
        <mtriple>Monocacy_National_Battlefield | location | Frederick_County,_Maryland</mtriple>
        <mtriple>14th_New_Jersey_Volunteer_Infantry_Monument | category | Historic_districts_in_the_United_States</mtriple>
        <mtriple>14th_New_Jersey_Volunteer_Infantry_Monument | district | Monocacy_National_Battlefield</mtriple>
      </modifiedtripleset>
      <lex comment="good" lid="Id1">Frederick Maryland is the location of the Monocacy National Battlefield. The Battlefield is the location of the 14th New Jersey Volunteer Infantry Monument and is categorised as a historic district of the US.</lex>
      <lex comment="good" lid="Id2">The 14th New Jersey Volunteer Infantry Monument, a historical district in the United States, is located in the district of the Monocracy National Battlefield in Frederick County, Maryland.</lex>
      <lex comment="good" lid="Id3">The 14th New Jersey Volunteer Infantry Monument, located on the Monocacy National Battlefield in Frederick County, Maryland, is categorised as a historic district in the United States.</lex>
    </entry>
    <entry category="Monument" eid="Id34" size="3">
      <originaltripleset>
        <otriple>Monocacy_National_Battlefield | location | Frederick_County,_Maryland</otriple>
        <otriple>14th_New_Jersey_Volunteer_Infantry_Monument | district | Monocacy_National_Battlefield</otriple>
        <otriple>Monocacy_National_Battlefield | nearestCity | Frederick,_Maryland</otriple>
      </originaltripleset>
      <modifiedtripleset>
        <mtriple>Monocacy_National_Battlefield | location | Frederick_County,_Maryland</mtriple>
        <mtriple>14th_New_Jersey_Volunteer_Infantry_Monument | district | Monocacy_National_Battlefield</mtriple>
        <mtriple>Monocacy_National_Battlefield | nearestCity | Frederick,_Maryland</mtriple>
      </modifiedtripleset>
      <lex comment="good" lid="Id1">Frederick Maryland is the nearest city to the Monocacy National Battlefields. This district is the location of the 14th New Jersey Volunteer Infantry Monument.</lex>
      <lex comment="good" lid="Id2">The 14th New Jersey Volunteer Infantry Monument is located on the Monocacy National Battlefield in Frederick County, Maryland, which is also its nearest city.</lex>
      </entry>
    <entry category="Monument" eid="Id35" size="3">
      <originaltripleset>
        <otriple>Turkey | capital | Ankara</otriple>
        <otriple>Atatürk_Monument_(İzmir) | open | "1932-07-27"^^xsd:date</otriple>
        <otriple>Atatürk_Monument_(İzmir) | location | Turkey</otriple>
      </originaltripleset>
      <modifiedtripleset>
        <mtriple>Turkey | capital | Ankara</mtriple>
        <mtriple>Atatürk_Monument_(İzmir) | inaugurationDate | "1932-07-27"</mtriple>
        <mtriple>Atatürk_Monument_(İzmir) | location | Turkey</mtriple>
      </modifiedtripleset>
      <lex comment="good" lid="Id1">The Ataturk monument was inaugurated on 27 July 1932 in Izmir, Turkey. The capital of Turkey is Ankara.</lex>
      <lex comment="good" lid="Id2">The Atatürk Monument (inaugurated July 27th, 1932) is located in İzmir, Turkey, where the capital city is Ankara.</lex>
      <lex comment="good" lid="Id3">The Atatürk Monument in Izmir was inaugurated on the 27th of July, 1932, and is found in Turkey (capital: Ankara).</lex>
    </entry>
    <entry category="Monument" eid="Id36" size="3">
      <originaltripleset>
        <otriple>Turkey | capital | Ankara</otriple>
        <otriple>Turkey | largestCity | Istanbul</otriple>
        <otriple>Atatürk_Monument_(İzmir) | location | Turkey</otriple>
      </originaltripleset>
      <modifiedtripleset>
        <mtriple>Turkey | capital | Ankara</mtriple>
        <mtriple>Turkey | largestCity | Istanbul</mtriple>
        <mtriple>Atatürk_Monument_(İzmir) | location | Turkey</mtriple>
      </modifiedtripleset>
      <lex comment="good" lid="Id1">The Ataturk monument (Izmir) is located in Turkey, where the largest city is Istanbul and the capital is Ankara.</lex>
      <lex comment="good" lid="Id2">The Atatürk Monument is located in Turkey, where the capital city is Ankara and the largest city is Istanbul.</lex>
      <lex comment="good" lid="Id3">The Atatürk Monument is located in İzmir, Turkey, where the capital is Ankara and the largest city is Istanbul.</lex>
    </entry>
    <entry category="Monument" eid="Id37" size="3">
      <originaltripleset>
        <otriple>Turkey | largestCity | Istanbul</otriple>
        <otriple>Turkey | currency | Turkish_lira</otriple>
        <otriple>Atatürk_Monument_(İzmir) | location | Turkey</otriple>
      </originaltripleset>
      <modifiedtripleset>
        <mtriple>Turkey | largestCity | Istanbul</mtriple>
        <mtriple>Turkey | currency | Turkish_lira</mtriple>
        <mtriple>Atatürk_Monument_(İzmir) | location | Turkey</mtriple>
      </modifiedtripleset>
      <lex comment="toFix" lid="Id1">Turkey's largest city is Istanbul, it's currency is the lira and has the Ataturk Monument in Izmir.</lex>
      <lex comment="good" lid="Id2">Istanbul is the largest city in Turkey but the Ataturk monument is located in Izmir. The Turkish currency is known as the Turkish lira.</lex>
    </entry>
    <entry category="Monument" eid="Id38" size="3">
      <originaltripleset>
        <otriple>Turkey | leader | Ahmet_Davutoğlu</otriple>
        <otriple>Atatürk_Monument_(İzmir) | material | "Bronze"@en</otriple>
        <otriple>Atatürk_Monument_(İzmir) | location | Turkey</otriple>
      </originaltripleset>
      <modifiedtripleset>
        <mtriple>Turkey | leader | Ahmet_Davutoğlu</mtriple>
        <mtriple>Atatürk_Monument_(İzmir) | material | "Bronze"</mtriple>
        <mtriple>Atatürk_Monument_(İzmir) | location | Turkey</mtriple>
      </modifiedtripleset>
      <lex comment="good" lid="Id1">Turkey, where the leader is Ahmet Davutoglu, is the location of the bronze Ataturk monument in Izmir.</lex>
      <lex comment="good" lid="Id2">The bronze Atatürk Monument (İzmir) is found in Turkey, where the leader is Ahmet Davutoglu.</lex>
    </entry>
    <entry category="Monument" eid="Id39" size="3">
      <originaltripleset>
        <otriple>Turkey | leaderName | Ahmet_Davutoğlu</otriple>
        <otriple>Atatürk_Monument_(İzmir) | material | "Bronze"@en</otriple>
        <otriple>Atatürk_Monument_(İzmir) | location | Turkey</otriple>
      </originaltripleset>
      <modifiedtripleset>
        <mtriple>Turkey | leaderName | Ahmet_Davutoğlu</mtriple>
        <mtriple>Atatürk_Monument_(İzmir) | material | "Bronze"</mtriple>
        <mtriple>Atatürk_Monument_(İzmir) | location | Turkey</mtriple>
      </modifiedtripleset>
      <lex comment="good" lid="Id1">The bronze Atatürk momument is in Turkey, where the leader is Ahmet Davutoğlu.</lex>
      <lex comment="good" lid="Id2">The Atatürk Monument made of bronze is located in İzmir, Turkey, whose leader is Ahmet Davutoğlu.</lex>
    </entry>
    <entry category="Monument" eid="Id40" size="3">
      <originaltripleset>
        <otriple>Turkey | leaderName | Ahmet_Davutoğlu</otriple>
        <otriple>Turkey | currency | Turkish_lira</otriple>
        <otriple>Atatürk_Monument_(İzmir) | location | Turkey</otriple>
      </originaltripleset>
      <modifiedtripleset>
        <mtriple>Turkey | leaderName | Ahmet_Davutoğlu</mtriple>
        <mtriple>Turkey | currency | Turkish_lira</mtriple>
        <mtriple>Atatürk_Monument_(İzmir) | location | Turkey</mtriple>
      </modifiedtripleset>
      <lex comment="good" lid="Id1">The Ataturk Monument (Izmir) is located in Turkey, where the leader is Ahmet Davutoglu and the currency is the Turkish Lira.</lex>
      <lex comment="good" lid="Id2">The Atatürk Monument is located in İzmir, Turkey, where the leader is Ahmet Davutoğlu and the currency is the lira.</lex>
    </entry>
    <entry category="Monument" eid="Id41" size="3">
      <originaltripleset>
        <otriple>Turkey | leaderTitle | President_of_Turkey</otriple>
        <otriple>Atatürk_Monument_(İzmir) | open | "1932-07-27"^^xsd:date</otriple>
        <otriple>Atatürk_Monument_(İzmir) | location | Turkey</otriple>
      </originaltripleset>
      <modifiedtripleset>
        <mtriple>Turkey | leaderTitle | President_of_Turkey</mtriple>
        <mtriple>Atatürk_Monument_(İzmir) | inaugurationDate | "1932-07-27"</mtriple>
        <mtriple>Atatürk_Monument_(İzmir) | location | Turkey</mtriple>
      </modifiedtripleset>
      <lex comment="good" lid="Id1">Turkey, where the official title of the leader is President, is the location of the Ataturk Monument. The monument was inaugurated on 27 July 1932.</lex>
      <lex comment="good" lid="Id2">The Atatürk Monument (İzmir) was inaugurated on July 27th, 1932 and can be found in Turkey, where the title of the leader is President of Turkey.</lex>
      <lex comment="good" lid="Id3">The Atatürk Monument, located in Izmir, Turkey (lead by the President of Turkey), was inaugurated on the 27th of July, 1932.</lex>
    </entry>
    <entry category="Monument" eid="Id42" size="3">
      <originaltripleset>
        <otriple>Turkey | leaderTitle | President_of_Turkey</otriple>
        <otriple>Turkey | leader | Ahmet_Davutoğlu</otriple>
        <otriple>Atatürk_Monument_(İzmir) | location | Turkey</otriple>
      </originaltripleset>
      <modifiedtripleset>
        <mtriple>Turkey | leaderTitle | President_of_Turkey</mtriple>
        <mtriple>Turkey | leader | Ahmet_Davutoğlu</mtriple>
        <mtriple>Atatürk_Monument_(İzmir) | location | Turkey</mtriple>
      </modifiedtripleset>
      <lex comment="good" lid="Id1">Ahmet Davutoglu is the President of Turkey. The Ataturk Monument (Izmir) is located in Turkey.</lex>
      <lex comment="good" lid="Id2">Ahmet Davutoglu is the leader of Turkey, officially known as the President of Turkey. This country is where the Ataturk monument (Izmir) can be located.</lex>
      <lex comment="good" lid="Id3">The Atatürk Monument is in Turkey, where Ahmet Davutoglu is the leader and holds the title of President of Turkey.</lex>
    </entry>
  </entries>
</benchmark>