<benchmark>
  <entries>
    <entry category="SportsTeam" eid="Id1" size="5">
      <originaltripleset>
        <otriple>A.C._Lumezzane | ground | Italy</otriple>
        <otriple>Italy | capital | Rome</otriple>
        <otriple>Italy | language | Italian_language</otriple>
        <otriple>Italy | leader | Pietro_Grasso</otriple>
        <otriple>Italy | demonym | Italians</otriple>
      </originaltripleset>
      <originaltripleset>
        <otriple>A.C._Lumezzane | ground | Italy</otriple>
        <otriple>Italy | capital | Rome</otriple>
        <otriple>Italy | language | Italian_language</otriple>
        <otriple>Italy | leaderName | Pietro_Grasso</otriple>
        <otriple>Italy | demonym | Italians</otriple>
      </originaltripleset>
      <modifiedtripleset>
        <mtriple>A.C._Lumezzane | ground | Italy</mtriple>
        <mtriple>Italy | capital | Rome</mtriple>
        <mtriple>Italy | language | Italian_language</mtriple>
        <mtriple>Italy | leader | Pietro_Grasso</mtriple>
        <mtriple>Italy | demonym | Italians</mtriple>
      </modifiedtripleset>
      <lex comment="good" lid="Id1">A.C. Lumezzane's ground is in Italy where Pietro Grasso leads the Italian people. The capital of the country is Rome and the Italian language is spoken.</lex>
      <lex comment="good" lid="Id2">A.C. Lumezzane's ground is in Italy where the Italian language is spoken by the inhabitants who are known as Italians. The leader of the country is Pietro Grasso and the capital city is Rome.</lex>
      <lex comment="good" lid="Id3">The Italian people are lead by Pietro Grasso and speak the Italian language. The capital city is Rome and the AC Lumezzane club play in the country.</lex>
    </entry>
    <entry category="SportsTeam" eid="Id2" size="5">
      <originaltripleset>
        <otriple>A.C._Lumezzane | ground | Italy</otriple>
        <otriple>Italy | capital | Rome</otriple>
        <otriple>Italy | officialLanguage | Italian_language</otriple>
        <otriple>Italy | leader | Pietro_Grasso</otriple>
        <otriple>Italy | demonym | Italians</otriple>
      </originaltripleset>
      <modifiedtripleset>
        <mtriple>A.C._Lumezzane | ground | Italy</mtriple>
        <mtriple>Italy | capital | Rome</mtriple>
        <mtriple>Italy | officialLanguage | Italian_language</mtriple>
        <mtriple>Italy | leader | Pietro_Grasso</mtriple>
        <mtriple>Italy | demonym | Italians</mtriple>
      </modifiedtripleset>
      <lex comment="good" lid="Id1">A.C. Lumezzane play in Italy, where Rome is the capital and Italians live. It is also where Pietro Grasso is the leader and Italian is the official language.</lex>
      <lex comment="good" lid="Id2">AC Lumezzane play in Italy where the capital city is Rome and the official language is Italian. The leader of the Italian people is Pietro Grasso,.</lex>
      <lex comment="good" lid="Id3">Pietro Grasso leads Italy whose capital is Rome. The language there is Italian and its people are known as Italians. A.C. Lumezzane play in that country.</lex>
    </entry>
    <entry category="SportsTeam" eid="Id3" size="5">
      <originaltripleset>
        <otriple>A.C._Lumezzane | manager | Michele_Marcolini</otriple>
        <otriple>Michele_Marcolini | team | A.C._Chievo_Verona</otriple>
        <otriple>A.C._Lumezzane | ground | Italy</otriple>
        <otriple>Italy | leader | Pietro_Grasso</otriple>
        <otriple>Michele_Marcolini | clubs | Vicenza_Calcio</otriple>
      </originaltripleset>
      <originaltripleset>
        <otriple>A.C._Lumezzane | manager | Michele_Marcolini</otriple>
        <otriple>A.C._Lumezzane | ground | Italy</otriple>
        <otriple>Michele_Marcolini | clubs | A.C._Chievo_Verona</otriple>
        <otriple>Italy | leader | Pietro_Grasso</otriple>
        <otriple>Michele_Marcolini | team | Vicenza_Calcio</otriple>
      </originaltripleset>
      <modifiedtripleset>
        <mtriple>A.C._Lumezzane | manager | Michele_Marcolini</mtriple>
        <mtriple>Michele_Marcolini | club | A.C._Chievo_Verona</mtriple>
        <mtriple>A.C._Lumezzane | ground | Italy</mtriple>
        <mtriple>Italy | leader | Pietro_Grasso</mtriple>
        <mtriple>Michele_Marcolini | club | Vicenza_Calcio</mtriple>
      </modifiedtripleset>
      <lex comment="good" lid="Id1">Michele Marcolini has been manager of AC Lumezzane which is located in Italy. He played for Vicenza Calcio, A.C. Chievo Verona. An Italian leader is Pietro Grasso.</lex>
      <lex comment="good" lid="Id2">Michele Marcolini previously played for Vicenza Calcio but now plays for AC Chievo Verona. He is also the manager of AC Lumezzane who have their ground in Italy where Pietro Grasso is the leader.</lex>
      <lex comment="good" lid="Id3">AC Lumezzane's ground is in Italy and their manager is Michele Marcolini who plays for A.C. Chievo Verona and is in the Vicenza Calcio Club. The leader of Italy is Pietro Grasso.</lex>
    </entry>
    <entry category="SportsTeam" eid="Id4" size="5">
      <originaltripleset>
        <otriple>A.E_Dimitra_Efxeinoupolis | location | Greece</otriple>
        <otriple>Greece | capital | Athens</otriple>
        <otriple>Greece | leader | Nikos_Voutsis</otriple>
        <otriple>Greece | leaderName | Prokopis_Pavlopoulos</otriple>
        <otriple>Greece | language | Greek_language</otriple>
      </originaltripleset>
      <originaltripleset>
        <otriple>A.E_Dimitra_Efxeinoupolis | location | Greece</otriple>
        <otriple>Greece | capital | Athens</otriple>
        <otriple>Greece | leaderName | Nikos_Voutsis</otriple>
        <otriple>Greece | leader | Prokopis_Pavlopoulos</otriple>
        <otriple>Greece | language | Greek_language</otriple>
      </originaltripleset>
      <modifiedtripleset>
        <mtriple>A.E_Dimitra_Efxeinoupolis | location | Greece</mtriple>
        <mtriple>Greece | capital | Athens</mtriple>
        <mtriple>Greece | leader | Nikos_Voutsis</mtriple>
        <mtriple>Greece | leader | Prokopis_Pavlopoulos</mtriple>
        <mtriple>Greece | language | Greek_language</mtriple>
      </modifiedtripleset>
      <lex comment="good" lid="Id1">Nikos Voutsis and Prokopis Pavlopoulos are leaders in Greece where the capital city is Athens and the Greek language is spoken. The country is also the location of the A.E Dimitra Efxeinoupolis club.</lex>
      <lex comment="good" lid="Id2">The A.E Dimitra Efxeinoupolis club is located in Greece, where the language is Greek. Athens is the capital of Greece, and two of the leaders are Prokopis Pavlopoulos, and Nikos Voutsis.</lex>
    </entry>
    <entry category="SportsTeam" eid="Id5" size="5">
      <originaltripleset>
        <otriple>A.E_Dimitra_Efxeinoupolis | location | Greece</otriple>
        <otriple>Greece | currency | Euro</otriple>
        <otriple>Greece | capital | Athens</otriple>
        <otriple>Greece | leaderName | Nikos_Voutsis</otriple>
        <otriple>Greece | leader | Prokopis_Pavlopoulos</otriple>
      </originaltripleset>
      <originaltripleset>
        <otriple>A.E_Dimitra_Efxeinoupolis | location | Greece</otriple>
        <otriple>Greece | currency | Euro</otriple>
        <otriple>Greece | capital | Athens</otriple>
        <otriple>Greece | leader | Nikos_Voutsis</otriple>
        <otriple>Greece | leaderName | Prokopis_Pavlopoulos</otriple>
      </originaltripleset>
      <modifiedtripleset>
        <mtriple>A.E_Dimitra_Efxeinoupolis | location | Greece</mtriple>
        <mtriple>Greece | currency | Euro</mtriple>
        <mtriple>Greece | capital | Athens</mtriple>
        <mtriple>Greece | leader | Nikos_Voutsis</mtriple>
        <mtriple>Greece | leader | Prokopis_Pavlopoulos</mtriple>
      </modifiedtripleset>
      <lex comment="good" lid="Id1">A.E Dimitra Efxeinoupolis is located in Greece where the leaders are Nikos Voutsis and Prokopis Pavloopoulos. The country's capital is Athens and their currency is the euro.</lex>
      <lex comment="good" lid="Id2">Greece is lead by Nikos Voutsis and Prokopis Pavlopoulos, the capital city is Athens and the country uses the euro as their currency. It is also the location of the A.E Dimitra Efxeinoupolis club.</lex>
      <lex comment="good" lid="Id3">The A.E Dimitra Efxeinoupolis club is located in Greece which is lead by Nikos Voutsis and Prokopis Pavlopoulos. The capital of the country is Athens and the currency used is the euro.</lex>
    </entry>
    <entry category="SportsTeam" eid="Id6" size="5">
      <originaltripleset>
        <otriple>A.E_Dimitra_Efxeinoupolis | location | Greece</otriple>
        <otriple>Greece | currency | Euro</otriple>
        <otriple>Greece | leaderName | Alexis_Tsipras</otriple>
        <otriple>Greece | capital | Athens</otriple>
        <otriple>Greece | leader | Nikos_Voutsis</otriple>
      </originaltripleset>
      <originaltripleset>
        <otriple>A.E_Dimitra_Efxeinoupolis | location | Greece</otriple>
        <otriple>Greece | leader | Alexis_Tsipras</otriple>
        <otriple>Greece | currency | Euro</otriple>
        <otriple>Greece | capital | Athens</otriple>
        <otriple>Greece | leaderName | Nikos_Voutsis</otriple>
      </originaltripleset>
      <modifiedtripleset>
        <mtriple>A.E_Dimitra_Efxeinoupolis | location | Greece</mtriple>
        <mtriple>Greece | currency | Euro</mtriple>
        <mtriple>Greece | leader | Alexis_Tsipras</mtriple>
        <mtriple>Greece | capital | Athens</mtriple>
        <mtriple>Greece | leader | Nikos_Voutsis</mtriple>
      </modifiedtripleset>
      <lex comment="good" lid="Id1">Two leaders of Greece are Alexis Tsipras and Nikos Voutsis. Athens is its capital and its currency is the euro. A.E Dimitra Efxeinoupolis is located in Greece.</lex>
      <lex comment="good" lid="Id2">The A.E Dimitra Efxeinoupolis club is located in Greece whose leader is Nikos Voutsis. Athens is the capital of Greece whose currency is the euro. Another leader there is Alexis Tsipras.</lex>
      <lex comment="good" lid="Id3">A.E Dimitra Efxeinoupolis is located in Greece where the leaders are Alexis Tsipras and Nikos Voutsis. The capital of the country is Athens and the currency used is the euro. .</lex>
    </entry>
    <entry category="SportsTeam" eid="Id7" size="5">
      <originaltripleset>
        <otriple>A.E_Dimitra_Efxeinoupolis | location | Greece</otriple>
        <otriple>Greece | leader | Alexis_Tsipras</otriple>
        <otriple>Greece | currency | Euro</otriple>
        <otriple>Greece | capital | Athens</otriple>
        <otriple>Greece | leaderName | Prokopis_Pavlopoulos</otriple>
      </originaltripleset>
      <originaltripleset>
        <otriple>A.E_Dimitra_Efxeinoupolis | location | Greece</otriple>
        <otriple>Greece | currency | Euro</otriple>
        <otriple>Greece | leaderName | Alexis_Tsipras</otriple>
        <otriple>Greece | capital | Athens</otriple>
        <otriple>Greece | leader | Prokopis_Pavlopoulos</otriple>
      </originaltripleset>
      <modifiedtripleset>
        <mtriple>A.E_Dimitra_Efxeinoupolis | location | Greece</mtriple>
        <mtriple>Greece | currency | Euro</mtriple>
        <mtriple>Greece | leader | Alexis_Tsipras</mtriple>
        <mtriple>Greece | capital | Athens</mtriple>
        <mtriple>Greece | leader | Prokopis_Pavlopoulos</mtriple>
      </modifiedtripleset>
      <lex comment="good" lid="Id1">The A.E Dimitra Efxeinoupolis club is located in Greece, where the money used is the Euro. Athens is the capital of Greece, and two of the leaders are Alexis Tsipras and Prokopis Pavlopoulos.</lex>
      <lex comment="good" lid="Id2">The A.E Dimitra Efxeinoupolis club is located in Greece where Alexis Tsipras and Prokopis Pavlopoulos are leaders. The currency used in the country is the euro and the capital is Athens.</lex>
      <lex comment="good" lid="Id3">Alexis Tsipras heads Greece where Prokopis Pavlopoulos is also a leader. Athens is the capital of Greece and the currency is the Euro. A.E Dimitra Efxeinoupolis is located in Greece.</lex>
    </entry>
    <entry category="SportsTeam" eid="Id8" size="5">
      <originaltripleset>
        <otriple>A.E_Dimitra_Efxeinoupolis | location | Greece</otriple>
        <otriple>Greece | currency | Euro</otriple>
        <otriple>Greece | leaderName | Alexis_Tsipras</otriple>
        <otriple>Greece | leader | Nikos_Voutsis</otriple>
        <otriple>Greece | language | Greek_language</otriple>
      </originaltripleset>
      <modifiedtripleset>
        <mtriple>A.E_Dimitra_Efxeinoupolis | location | Greece</mtriple>
        <mtriple>Greece | currency | Euro</mtriple>
        <mtriple>Greece | leader | Alexis_Tsipras</mtriple>
        <mtriple>Greece | leader | Nikos_Voutsis</mtriple>
        <mtriple>Greece | language | Greek_language</mtriple>
      </modifiedtripleset>
      <lex comment="good" lid="Id1">A.E Dimitra Efxeinoupolis is located in Greece which is lead by Alexis Tsipras and Nikos Voutsis. The language of the country is Greek and the currency is the euro.</lex>
      <lex comment="good" lid="Id2">The A.E Dimitra Efxeinoupolis club is located in Greece which currently has Alexis Tsipras and Nikos Voutsis as leaders. Here the currency used is the Euro and the main language is Greek.</lex>
      <lex comment="good" lid="Id3">Nikos Voutsis and Alexis Tsipras, are leaders in Greece, where Greek is spoken and the money used is the Euro. A.E Dimitra Efxeinoupolis is located in Greece.</lex>
    </entry>
    <entry category="SportsTeam" eid="Id9" size="5">
      <originaltripleset>
        <otriple>A.E_Dimitra_Efxeinoupolis | location | Greece</otriple>
        <otriple>Greece | currency | Euro</otriple>
        <otriple>Greece | leaderName | Alexis_Tsipras</otriple>
        <otriple>Greece | leader | Prokopis_Pavlopoulos</otriple>
        <otriple>Greece | language | Greek_language</otriple>
      </originaltripleset>
      <modifiedtripleset>
        <mtriple>A.E_Dimitra_Efxeinoupolis | location | Greece</mtriple>
        <mtriple>Greece | currency | Euro</mtriple>
        <mtriple>Greece | leader | Alexis_Tsipras</mtriple>
        <mtriple>Greece | leader | Prokopis_Pavlopoulos</mtriple>
        <mtriple>Greece | language | Greek_language</mtriple>
      </modifiedtripleset>
      <lex comment="good" lid="Id1">A.E Dimitra Efxeinoupolis is located in Greece, the leader of which is Alexis Tsipras. Another leader is Prokopis Pavloopoulos. In Greece, the currency is the euro and the language is Greek.</lex>
      <lex comment="good" lid="Id2">Alexis Tsipras heads Greece where Prokopis Pavlopoulos is also a leader. The currency in Greece is the Euro and Greek is spoken. The A.E Dimitra Efxeinoupolis club is located in Greece.</lex>
      <lex comment="good" lid="Id3">The A.E Dimitra Efxeinoupolis club is located in Greece, where Greek is spoken and the currency is the euro. It is also where two of the leaders are, Prokopis Pavlopoulos and Alexis Tsipras.</lex>
    </entry>
    <entry category="SportsTeam" eid="Id10" size="5">
      <originaltripleset>
        <otriple>A.E_Dimitra_Efxeinoupolis | location | Greece</otriple>
        <otriple>Greece | currency | Euro</otriple>
        <otriple>Greece | leaderName | Nikos_Voutsis</otriple>
        <otriple>Greece | leader | Prokopis_Pavlopoulos</otriple>
        <otriple>Greece | language | Greek_language</otriple>
      </originaltripleset>
      <originaltripleset>
        <otriple>A.E_Dimitra_Efxeinoupolis | location | Greece</otriple>
        <otriple>Greece | currency | Euro</otriple>
        <otriple>Greece | leader | Nikos_Voutsis</otriple>
        <otriple>Greece | leaderName | Prokopis_Pavlopoulos</otriple>
        <otriple>Greece | language | Greek_language</otriple>
      </originaltripleset>
      <modifiedtripleset>
        <mtriple>A.E_Dimitra_Efxeinoupolis | location | Greece</mtriple>
        <mtriple>Greece | currency | Euro</mtriple>
        <mtriple>Greece | leader | Nikos_Voutsis</mtriple>
        <mtriple>Greece | leader | Prokopis_Pavlopoulos</mtriple>
        <mtriple>Greece | language | Greek_language</mtriple>
      </modifiedtripleset>
      <lex comment="good" lid="Id1">The A.E Dimitra Efxeinoupolis club is located in Greece where the leaders are Nikos Voutsis and Prokopis Pavlopoulos. The currency used is the euro and the Greek language is spoken in the country.</lex>
      <lex comment="good" lid="Id2">The A.E Dimitra Efxeinoupolis club is located in Greece. The country which has the leaders, Nikos Voutsis and Prokopis Pavlopoulos. It is also, where Greek is spoken, and the Euro is used.</lex>
      <lex comment="good" lid="Id3">A.E Dimitra Efxeinoupolis is located in Greece, where the language is Greek, the currency is the euro and its leaders are Nikos Voutsis and Prokopis Pavlopoulos.</lex>
    </entry>
    <entry category="SportsTeam" eid="Id11" size="5">
      <originaltripleset>
        <otriple>A.E_Dimitra_Efxeinoupolis | location | Greece</otriple>
        <otriple>Greece | leader | Alexis_Tsipras</otriple>
        <otriple>Greece | capital | Athens</otriple>
        <otriple>Greece | leaderName | Nikos_Voutsis</otriple>
        <otriple>Greece | language | Greek_language</otriple>
      </originaltripleset>
      <originaltripleset>
        <otriple>A.E_Dimitra_Efxeinoupolis | location | Greece</otriple>
        <otriple>Greece | leaderName | Alexis_Tsipras</otriple>
        <otriple>Greece | capital | Athens</otriple>
        <otriple>Greece | leader | Nikos_Voutsis</otriple>
        <otriple>Greece | language | Greek_language</otriple>
      </originaltripleset>
      <modifiedtripleset>
        <mtriple>A.E_Dimitra_Efxeinoupolis | location | Greece</mtriple>
        <mtriple>Greece | leader | Alexis_Tsipras</mtriple>
        <mtriple>Greece | capital | Athens</mtriple>
        <mtriple>Greece | leader | Nikos_Voutsis</mtriple>
        <mtriple>Greece | language | Greek_language</mtriple>
      </modifiedtripleset>
      <lex comment="good" lid="Id1">Alexis Tsipras and Nikos Voutsis are leaders in Greece, where Athens is the capital, Greek is spoken and where A.E Dimitra Efxeinoupolis is located.</lex>
      <lex comment="good" lid="Id2">The A.E Dimitra Efxeinoupolis club is located in Greece which is lead by Alexis Tsipras and Nikos Voutsis. The capital city of the country is Athens and the Greek language is spoken.</lex>
      <lex comment="good" lid="Id3">A.E Dimitra Efxeinoupolis is located in Greece, where the leaders are Alexis Tsipras and Nikos Voutsis. Greek is spoken in Greece and the capital is Athens.</lex>
    </entry>
    <entry category="SportsTeam" eid="Id12" size="5">
      <originaltripleset>
        <otriple>A.E_Dimitra_Efxeinoupolis | location | Greece</otriple>
        <otriple>Greece | leaderName | Alexis_Tsipras</otriple>
        <otriple>Greece | capital | Athens</otriple>
        <otriple>Greece | leader | Prokopis_Pavlopoulos</otriple>
        <otriple>Greece | language | Greek_language</otriple>
      </originaltripleset>
      <originaltripleset>
        <otriple>A.E_Dimitra_Efxeinoupolis | location | Greece</otriple>
        <otriple>Greece | leader | Alexis_Tsipras</otriple>
        <otriple>Greece | capital | Athens</otriple>
        <otriple>Greece | leaderName | Prokopis_Pavlopoulos</otriple>
        <otriple>Greece | language | Greek_language</otriple>
      </originaltripleset>
      <modifiedtripleset>
        <mtriple>A.E_Dimitra_Efxeinoupolis | location | Greece</mtriple>
        <mtriple>Greece | leader | Alexis_Tsipras</mtriple>
        <mtriple>Greece | capital | Athens</mtriple>
        <mtriple>Greece | leader | Prokopis_Pavlopoulos</mtriple>
        <mtriple>Greece | language | Greek_language</mtriple>
      </modifiedtripleset>
      <lex comment="good" lid="Id1">A.E Dimitra Efxeinoupolis is located in Greece which currently has Alexis Tsipras as head and Prokopis Pavlopoulos as a leader. The capital city here is Athens and the language spoken is Greek.</lex>
      <lex comment="good" lid="Id2">Prokopis Pavlopoulos and Alexis Tsipras are a leaders in Greece where Athens is the capital and Greek is spoken. A.E Dimitra Efxeinoupolis is located in Greece.</lex>
    </entry>
    <entry category="SportsTeam" eid="Id13" size="5">
      <originaltripleset>
        <otriple>A.F.C._Blackpool | manager | Stuart_Parker_(footballer)</otriple>
        <otriple>Blackpool | leaderName | Gordon_Marsden</otriple>
        <otriple>Stuart_Parker_(footballer) | team | Stockport_County_F.C.</otriple>
        <otriple>Stuart_Parker_(footballer) | clubs | Runcorn_F.C._Halton</otriple>
        <otriple>A.F.C._Blackpool | ground | Blackpool</otriple>
      </originaltripleset>
      <modifiedtripleset>
        <mtriple>A.F.C._Blackpool | manager | Stuart_Parker_(footballer)</mtriple>
        <mtriple>Blackpool | leader | Gordon_Marsden</mtriple>
        <mtriple>Stuart_Parker_(footballer) | club | Stockport_County_F.C.</mtriple>
        <mtriple>Stuart_Parker_(footballer) | club | Runcorn_F.C._Halton</mtriple>
        <mtriple>A.F.C._Blackpool | ground | Blackpool</mtriple>
      </modifiedtripleset>
      <lex comment="good" lid="Id1">Gordon Marsden is a leader in Blackpool where AFC Blackpool is located. The club is managed by Stuart Parker whose club was Stockport County but he now plays for Runcorn FC Halton.</lex>
      <lex comment="good" lid="Id2">Gordon Marsden is the leader in Blackpool which is the location of AFC Blackpool. The club is managed by Stuart Parker who plays for both Runcorn FC Halton and Stockport County FC.</lex>
      <lex comment="good" lid="Id3">Gordon Marsden is the leader in Blackpool where AFC Blackpool is located. The club is managed by Stuart Parker who was at Stockport County FC but now plays for Runcorn FC Halton.</lex>
    </entry>
    <entry category="SportsTeam" eid="Id14" size="5">
      <originaltripleset>
        <otriple>A.F.C._Blackpool | manager | Stuart_Parker_(footballer)</otriple>
        <otriple>Stuart_Parker_(footballer) | clubs | Chesterfield_F.C.</otriple>
        <otriple>Blackpool | leaderName | Gordon_Marsden</otriple>
        <otriple>Stuart_Parker_(footballer) | team | Stockport_County_F.C.</otriple>
        <otriple>A.F.C._Blackpool | ground | Blackpool</otriple>
      </originaltripleset>
      <modifiedtripleset>
        <mtriple>A.F.C._Blackpool | manager | Stuart_Parker_(footballer)</mtriple>
        <mtriple>Stuart_Parker_(footballer) | club | Chesterfield_F.C.</mtriple>
        <mtriple>Blackpool | leader | Gordon_Marsden</mtriple>
        <mtriple>Stuart_Parker_(footballer) | club | Stockport_County_F.C.</mtriple>
        <mtriple>A.F.C._Blackpool | ground | Blackpool</mtriple>
      </modifiedtripleset>
      <lex comment="good" lid="Id1">Stuart Parker is the manager of the A.F.C Blackpool club, which has its ground in Blackpool. The local leader is Gordon Marsden. Parker is also a member of the Chesterfield F.C. and plays for Stockport County F.C.</lex>
      <lex comment="good" lid="Id2">The leader of Blackpool is Gordon Marsden. Stuart Parker, who once played football for Chesterfield FC and Stockport County FC is the manager of AFC Blackpool, whose ground is located in Blackpool.</lex>
      </entry>
    <entry category="SportsTeam" eid="Id15" size="5">
      <originaltripleset>
        <otriple>A.F.C._Blackpool | manager | Stuart_Parker_(footballer)</otriple>
        <otriple>Stuart_Parker_(footballer) | clubs | Chesterfield_F.C.</otriple>
        <otriple>Stuart_Parker_(footballer) | team | Blackburn_Rovers_F.C.</otriple>
        <otriple>Blackpool | leaderName | Gordon_Marsden</otriple>
        <otriple>A.F.C._Blackpool | ground | Blackpool</otriple>
      </originaltripleset>
      <modifiedtripleset>
        <mtriple>A.F.C._Blackpool | manager | Stuart_Parker_(footballer)</mtriple>
        <mtriple>Stuart_Parker_(footballer) | club | Chesterfield_F.C.</mtriple>
        <mtriple>Stuart_Parker_(footballer) | club | Blackburn_Rovers_F.C.</mtriple>
        <mtriple>Blackpool | leader | Gordon_Marsden</mtriple>
        <mtriple>A.F.C._Blackpool | ground | Blackpool</mtriple>
      </modifiedtripleset>
      <lex comment="good" lid="Id1">Gordon Marsden is the leader in Blackpool where AFC Blackpool have their ground. The club is managed by Stuart Parker who was a footballer for Chesterfield FC and Blackburn Rovers FC.</lex>
      <lex comment="good" lid="Id2">Stuart Parker is the manager at AFC Blackpool who have their ground in Blackpool which is currently lead by Gordon Marsden. He also plays for Blackburn Rovers FC and is attached to Chesterfield FC.</lex>
      <lex comment="good" lid="Id3">Gordon Marsden is the leader of Blackpool where the ground of AFC Blackpool is located. The club have had Stuart Parker as their manager who has also been at Blackburn Rovers FC and is a member of Chesterfield FC.</lex>
    </entry>
    <entry category="SportsTeam" eid="Id16" size="5">
      <originaltripleset>
        <otriple>A.F.C._Blackpool | manager | Stuart_Parker_(footballer)</otriple>
        <otriple>Stuart_Parker_(footballer) | team | KV_Mechelen</otriple>
        <otriple>Blackpool | leaderName | Conservative_Party_(UK)</otriple>
        <otriple>Stuart_Parker_(footballer) | clubs | Blackburn_Rovers_F.C.</otriple>
        <otriple>A.F.C._Blackpool | ground | Blackpool</otriple>
      </originaltripleset>
      <modifiedtripleset>
        <mtriple>A.F.C._Blackpool | manager | Stuart_Parker_(footballer)</mtriple>
        <mtriple>Stuart_Parker_(footballer) | club | KV_Mechelen</mtriple>
        <mtriple>Blackpool | leader | Conservative_Party_(UK)</mtriple>
        <mtriple>Stuart_Parker_(footballer) | club | Blackburn_Rovers_F.C.</mtriple>
        <mtriple>A.F.C._Blackpool | ground | Blackpool</mtriple>
      </modifiedtripleset>
      <lex comment="good" lid="Id1">Blackpool is where AFC Blackpool's ground is located and where the leader is the Conservative Party (UK). AFC Blackpool has been managed by Stuart Parker who has previous played for Blackburn Rovers FC and KV Mechelen.</lex>
      <lex comment="good" lid="Id2">Stuart Parker plays for KV Mechelen and the Blackburn Rovers F.C. AFC Blackpool(Blackpool) had Stuart Parker as their manager. The Conservative Party U.K. is the leader of Blackpool.</lex>
      </entry>
    <entry category="SportsTeam" eid="Id17" size="5">
      <originaltripleset>
        <otriple>A.F.C._Blackpool | manager | Stuart_Parker_(footballer)</otriple>
        <otriple>Stuart_Parker_(footballer) | team | KV_Mechelen</otriple>
        <otriple>Blackpool | leaderName | Conservative_Party_(UK)</otriple>
        <otriple>Stuart_Parker_(footballer) | clubs | Drogheda_United_F.C.</otriple>
        <otriple>A.F.C._Blackpool | ground | Blackpool</otriple>
      </originaltripleset>
      <modifiedtripleset>
        <mtriple>A.F.C._Blackpool | manager | Stuart_Parker_(footballer)</mtriple>
        <mtriple>Stuart_Parker_(footballer) | club | KV_Mechelen</mtriple>
        <mtriple>Blackpool | leader | Conservative_Party_(UK)</mtriple>
        <mtriple>Stuart_Parker_(footballer) | club | Drogheda_United_F.C.</mtriple>
        <mtriple>A.F.C._Blackpool | ground | Blackpool</mtriple>
      </modifiedtripleset>
      <lex comment="good" lid="Id1">The Conservative Party UK are the leaders in Blackpool which is the location of the AFC Blackpool home ground. Their manager is Stuart Parker who has represented KV Mechelen FC and also Drogheda United FC.</lex>
      <lex comment="good" lid="Id2">AFC Blackpool is located in Blackpool where the leader is the Conservative Party (UK). Stuart Parker, who has played at Drogheda FC and KV Mechelen, has been the manager of AFC Blackpool.</lex>
      <lex comment="good" lid="Id3">AFC Blackpool (Blackpool)have had Stuart Parker as their manager. Parker(with the Drogheda United F.C.) plays for KV Mechelen. The Conservative Party U.K. is the leader of Blackpool.</lex>
    </entry>
    <entry category="SportsTeam" eid="Id18" size="5">
      <originaltripleset>
        <otriple>A.F.C._Blackpool | manager | Stuart_Parker_(footballer)</otriple>
        <otriple>Stuart_Parker_(footballer) | team | KV_Mechelen</otriple>
        <otriple>Stuart_Parker_(footballer) | clubs | Drogheda_United_F.C.</otriple>
        <otriple>A.F.C._Blackpool | ground | Blackpool</otriple>
        <otriple>Blackpool | leaderName | Labour_Party_(UK)</otriple>
      </originaltripleset>
      <modifiedtripleset>
        <mtriple>A.F.C._Blackpool | manager | Stuart_Parker_(footballer)</mtriple>
        <mtriple>Stuart_Parker_(footballer) | club | KV_Mechelen</mtriple>
        <mtriple>Stuart_Parker_(footballer) | club | Drogheda_United_F.C.</mtriple>
        <mtriple>A.F.C._Blackpool | ground | Blackpool</mtriple>
        <mtriple>Blackpool | leader | Labour_Party_(UK)</mtriple>
      </modifiedtripleset>
      <lex comment="good" lid="Id1">AFC Blackpool have their ground in Blackpool where the leader of the council is Labour. Stuart Parker, who has played at Drogheda United FC and KV Mechelen, has been manager of AFC Blackpool.</lex>
      <lex comment="good" lid="Id2">AFC Blackpool is located in the town of Blackpool, where the leader of the Council is the Labour Party (UK). The manager of AFC Blackpool is Stuart Parker who has previously played football for Drogheda United FC and KV Mechelen.</lex>
    </entry>
    <entry category="SportsTeam" eid="Id19" size="5">
      <originaltripleset>
        <otriple>A.S._Gubbio_1910 | league | Serie_D</otriple>
        <otriple>Italy | capital | Rome</otriple>
        <otriple>Italy | leader | Sergio_Mattarella</otriple>
        <otriple>A.S._Gubbio_1910 | ground | Italy</otriple>
        <otriple>Serie_D | champions | S.S._Robur_Siena</otriple>
      </originaltripleset>
      <modifiedtripleset>
        <mtriple>A.S._Gubbio_1910 | league | Serie_D</mtriple>
        <mtriple>Italy | capital | Rome</mtriple>
        <mtriple>Italy | leader | Sergio_Mattarella</mtriple>
        <mtriple>A.S._Gubbio_1910 | ground | Italy</mtriple>
        <mtriple>Serie_D | champions | S.S._Robur_Siena</mtriple>
      </modifiedtripleset>
      <lex comment="good" lid="Id1">AS Gubbio 1910 are located in Italy and play in Serie D whose champions are currently SS Robur Siena. The leader of Italy is Sergio Mattarella and the capital city is Rome.</lex>
      <lex comment="good" lid="Id2">The champions of Serie D are S.S. Robur Siena in which AS Gubbio 1910 also play. This latter club has their ground in Italy where the leader is Sergio Mattarella and the capital is the city of Rome.</lex>
      <lex comment="good" lid="Id3">A.S. Gubbio 1910 is in the Serie D league who's previous champions include S S Robur Siena. The grounds of the A.S. Gubbio 1910 are located in Italy which currently has Sergio Mattarella as a leader and Rome is the capital city.</lex>
    </entry>
    <entry category="SportsTeam" eid="Id20" size="5">
      <originaltripleset>
        <otriple>A.S._Gubbio_1910 | league | Serie_D</otriple>
        <otriple>Italy | leader | Pietro_Grasso</otriple>
        <otriple>A.S._Gubbio_1910 | ground | Italy</otriple>
        <otriple>Italy | language | Italian_language</otriple>
        <otriple>Serie_D | champions | S.S._Robur_Siena</otriple>
      </originaltripleset>
      <modifiedtripleset>
        <mtriple>A.S._Gubbio_1910 | league | Serie_D</mtriple>
        <mtriple>Italy | leader | Pietro_Grasso</mtriple>
        <mtriple>A.S._Gubbio_1910 | ground | Italy</mtriple>
        <mtriple>Italy | language | Italian_language</mtriple>
        <mtriple>Serie_D | champions | S.S._Robur_Siena</mtriple>
      </modifiedtripleset>
      <lex comment="good" lid="Id1">S.S. Robur Siena are champions of Serie D. in which AS Gubbio 1910 also play. The latter club have their home ground located in Italy which is lead by Pietro Grasso and uses the Italian language.</lex>
      <lex comment="good" lid="Id2">The ground of A.S. Gubbio 1910 is located in Italy. The football club play in Serie D, the champions of which are S.S. Robur Siena. Italy is led by Pietro Grasso and the language spoken is Italian.</lex>
      <lex comment="good" lid="Id3">A.S. Gubbio 1910 (Italy) play in Serie D. S.S. Robur Siena are champions of that serie. Pietro Grasso leads Italy. Italian is the language spoken in Italy.</lex>
    </entry>
    <entry category="SportsTeam" eid="Id21" size="5">
      <originaltripleset>
        <otriple>A.S._Gubbio_1910 | league | Serie_D</otriple>
        <otriple>Italy | leader | Pietro_Grasso</otriple>
        <otriple>Italy | capital | Rome</otriple>
        <otriple>A.S._Gubbio_1910 | ground | Italy</otriple>
        <otriple>Serie_D | champions | S.S._Robur_Siena</otriple>
      </originaltripleset>
      <modifiedtripleset>
        <mtriple>A.S._Gubbio_1910 | league | Serie_D</mtriple>
        <mtriple>Italy | leader | Pietro_Grasso</mtriple>
        <mtriple>Italy | capital | Rome</mtriple>
        <mtriple>A.S._Gubbio_1910 | ground | Italy</mtriple>
        <mtriple>Serie_D | champions | S.S._Robur_Siena</mtriple>
      </modifiedtripleset>
      <lex comment="good" lid="Id1">S.S. Robur Siena are champions of Serie D in which AS Gubbio 1910 also play. This latter club have their home ground in Italy where the capital city is Rome and the leader is Pietro Grasso.</lex>
      <lex comment="good" lid="Id2">The ground of A.S. Gubbio 1910 is located in Italy, where the leader is Pietro Grasso and Rome is the capital. A.S. Gubbio 1910 play in Serie D, of which S.S. Robur Siena are champions.</lex>
    </entry>
    <entry category="SportsTeam" eid="Id22" size="5">
      <originaltripleset>
        <otriple>AFC_Ajax_(amateurs) | ground | Sportpark_De_Toekomst</otriple>
        <otriple>Sportpark_De_Toekomst | operator | AFC_Ajax</otriple>
        <otriple>Sportpark_De_Toekomst | tenant | Ajax_Youth_Academy</otriple>
        <otriple>Sportpark_De_Toekomst | owner | AFC_Ajax_N.V.</otriple>
        <otriple>Sportpark_De_Toekomst | tenants | Jong_Ajax</otriple>
      </originaltripleset>
      <modifiedtripleset>
        <mtriple>AFC_Ajax_(amateurs) | ground | Sportpark_De_Toekomst</mtriple>
        <mtriple>Sportpark_De_Toekomst | operator | AFC_Ajax</mtriple>
        <mtriple>Sportpark_De_Toekomst | tenant | Ajax_Youth_Academy</mtriple>
        <mtriple>Sportpark_De_Toekomst | owner | AFC_Ajax_N.V.</mtriple>
        <mtriple>Sportpark_De_Toekomst | tenant | Jong_Ajax</mtriple>
      </modifiedtripleset>
      <lex comment="good" lid="Id1">Jong Ajax and Ajax Youth Academy are tenants of Sportpark De Toekomst. the home ground of AFC Ajax (amateurs). The ground is operated by AFC Ajax and owned by AFC Ajax NV.</lex>
      <lex comment="good" lid="Id2">AFC Ajax (amateurs)'s ground is Sportpark De Toekomst which is operated by AFC Ajax and owned by AFC Ajax NV. Jong Ajax and Ajax Youth Academy are both tenants.</lex>
      <lex comment="good" lid="Id3">AFC Ajax (amateurs)'s ground is Sportpark De Toekomst. It is owned and operated by AFC Ajax N.V. and tenanted by Ajax Youth Academy (Jon Ajax).</lex>
    </entry>
    <entry category="SportsTeam" eid="Id23" size="5">
      <originaltripleset>
        <otriple>AZAL_PFK | league | Azerbaijan_Premier_League</otriple>
        <otriple>Azerbaijan_Premier_League | champions | Qarabağ_FK</otriple>
        <otriple>AZAL_PFK | capacity | 3500</otriple>
        <otriple>AZAL_PFK | ground | AZAL_Arena</otriple>
        <otriple>AZAL_PFK | season | 2014</otriple>
      </originaltripleset>
      <modifiedtripleset>
        <mtriple>AZAL_PFK | league | Azerbaijan_Premier_League</mtriple>
        <mtriple>Azerbaijan_Premier_League | champions | Qarabağ_FK</mtriple>
        <mtriple>AZAL_PFK | numberOfMembers | 3500</mtriple>
        <mtriple>AZAL_PFK | ground | AZAL_Arena</mtriple>
        <mtriple>AZAL_PFK | season | 2014</mtriple>
      </modifiedtripleset>
      <lex comment="good" lid="Id1">Qarabağ FK are the champions of the Azerbaijan Premier League, which AZAL PFK play in. AZAL Arena, is where home matches of AZAL PFK are played. The club has3500 members, and are in the 2014 season .</lex>
      <lex comment="good" lid="Id2">AZAL PFK, who play at the AZAL Arena and have a membership of 3500, are in the Azerbaijan Premier League where they competed in 2014. The name of the championship football team in the Azerbaijan Premier League Os the Qarabag FK.</lex>
      <lex comment="good" lid="Id3">The AZAL PFK, with 3500 members, competes in The Azerbaijan Premier League, with championship team being Qarabag FK. AZAL PFK competed in the 2014 season and play their home matches at the AZAL Arena.</lex>
    </entry>
    <entry category="SportsTeam" eid="Id24" size="5">
      <originaltripleset>
        <otriple>AZAL_PFK | league | Azerbaijan_Premier_League</otriple>
        <otriple>Azerbaijan_Premier_League | champions | Qarabağ_FK</otriple>
        <otriple>AZAL_PFK | season | 2014–15_Azerbaijan_Premier_League</otriple>
        <otriple>AZAL_PFK | capacity | 3500</otriple>
        <otriple>AZAL_PFK | ground | AZAL_Arena</otriple>
      </originaltripleset>
      <modifiedtripleset>
        <mtriple>AZAL_PFK | league | Azerbaijan_Premier_League</mtriple>
        <mtriple>Azerbaijan_Premier_League | champions | Qarabağ_FK</mtriple>
        <mtriple>AZAL_PFK | season | 2014–15_Azerbaijan_Premier_League</mtriple>
        <mtriple>AZAL_PFK | numberOfMembers | 3500</mtriple>
        <mtriple>AZAL_PFK | ground | AZAL_Arena</mtriple>
      </modifiedtripleset>
      <lex comment="good" lid="Id1">AZAL Arena, which holds 3500 fans, is the ground of AZAL PFK who played in the Azerbaijan Premier League in 2014-15. Qarabag FK have been champions of this league.</lex>
      <lex comment="good" lid="Id2">Qarabağ FK are the champions of the Azerbaijan Premier League in which AZAL PFK also competed in 2014-15. AZAL PFK have 3500 memberrs and play their home matches at the AZAL Arena.</lex>
      </entry>
    <entry category="SportsTeam" eid="Id25" size="5">
      <originaltripleset>
        <otriple>Agremiação_Sportiva_Arapiraquense | league | Campeonato_Brasileiro_Série_C</otriple>
        <otriple>Campeonato_Brasileiro_Série_C | country | Brazil</otriple>
        <otriple>Agremiação_Sportiva_Arapiraquense | capacity | "17000"^^xsd:nonNegativeInteger</otriple>
        <otriple>Agremiação_Sportiva_Arapiraquense | ground | Estádio_Municipal_Coaracy_da_Mata_Fonseca</otriple>
        <otriple>Campeonato_Brasileiro_Série_C | champions | Vila_Nova_Futebol_Clube</otriple>
      </originaltripleset>
      <originaltripleset>
        <otriple>Agremiação_Sportiva_Arapiraquense | league | Campeonato_Brasileiro_Série_C</otriple>
        <otriple>Campeonato_Brasileiro_Série_C | country | Brazil</otriple>
        <otriple>Agremiação_Sportiva_Arapiraquense | capacity | 17000</otriple>
        <otriple>Agremiação_Sportiva_Arapiraquense | ground | Estádio_Municipal_Coaracy_da_Mata_Fonseca</otriple>
        <otriple>Campeonato_Brasileiro_Série_C | champions | Vila_Nova_Futebol_Clube</otriple>
      </originaltripleset>
      <modifiedtripleset>
        <mtriple>Agremiação_Sportiva_Arapiraquense | league | Campeonato_Brasileiro_Série_C</mtriple>
        <mtriple>Campeonato_Brasileiro_Série_C | country | Brazil</mtriple>
        <mtriple>Agremiação_Sportiva_Arapiraquense | numberOfMembers | 17000</mtriple>
        <mtriple>Agremiação_Sportiva_Arapiraquense | ground | Estádio_Municipal_Coaracy_da_Mata_Fonseca</mtriple>
        <mtriple>Campeonato_Brasileiro_Série_C | champions | Vila_Nova_Futebol_Clube</mtriple>
      </modifiedtripleset>
      <lex comment="good" lid="Id1">Agremiação Sportiva Arapiraquense, whose ground is Estádio Municipal Coaracy da Mata Fonseca, play in the Campeonato Brasileiro Série C league in Brazil. Agremiacao Sportiva Arapiraquense has 17000 members and Vila Nova Futebol Clube have been champions of Campeonato Brasileiro Série C.</lex>
      <lex comment="good" lid="Id2">Agremiacao Sportiva Arapiraquense's ground is the Estadio Minicipal Coaracy da Mata Fonseca, it has 17000 members and play in the Campeonato Brasileiro Série C league, which is based in Brazil and the current champions are Vila Nova Futebol Clube.</lex>
      <lex comment="good" lid="Id3">Vila Nova Futebol Clube have been champions of Campeonato Brasileiro Série C. league in Brazil. Agremiação Sportiva Arapiraquense, who have 17000 members, also play in the league and have their home ground at Estádio Municipal Coaracy da Mata Fonseca.</lex>
    </entry>
    <entry category="SportsTeam" eid="Id26" size="5">
      <originaltripleset>
        <otriple>Agremiação_Sportiva_Arapiraquense | league | Campeonato_Brasileiro_Série_C</otriple>
        <otriple>Campeonato_Brasileiro_Série_C | country | Brazil</otriple>
        <otriple>Agremiação_Sportiva_Arapiraquense | capacity | "17000"^^xsd:nonNegativeInteger</otriple>
        <otriple>Agremiação_Sportiva_Arapiraquense | season | 2015</otriple>
        <otriple>Campeonato_Brasileiro_Série_C | champions | Vila_Nova_Futebol_Clube</otriple>
      </originaltripleset>
      <originaltripleset>
        <otriple>Agremiação_Sportiva_Arapiraquense | league | Campeonato_Brasileiro_Série_C</otriple>
        <otriple>Campeonato_Brasileiro_Série_C | country | Brazil</otriple>
        <otriple>Agremiação_Sportiva_Arapiraquense | capacity | 17000</otriple>
        <otriple>Agremiação_Sportiva_Arapiraquense | season | 2015</otriple>
        <otriple>Campeonato_Brasileiro_Série_C | champions | Vila_Nova_Futebol_Clube</otriple>
      </originaltripleset>
      <modifiedtripleset>
        <mtriple>Agremiação_Sportiva_Arapiraquense | league | Campeonato_Brasileiro_Série_C</mtriple>
        <mtriple>Campeonato_Brasileiro_Série_C | country | Brazil</mtriple>
        <mtriple>Agremiação_Sportiva_Arapiraquense | numberOfMembers | 17000</mtriple>
        <mtriple>Agremiação_Sportiva_Arapiraquense | season | 2015</mtriple>
        <mtriple>Campeonato_Brasileiro_Série_C | champions | Vila_Nova_Futebol_Clube</mtriple>
      </modifiedtripleset>
      <lex comment="good" lid="Id1">The Vila Nova Futebol Clube were champions at the Campeonato Brasileiro Série C league in Brazil. The Agremiação Sportiva Arapiraquense, who have 17000 members, also played in the league in 2015.</lex>
      <lex comment="good" lid="Id2">Vila Nova Futebol Clube are the champions of Campeonato Brasileiro Serie C. league in Brazil. Agremiação Sportiva Arapiraquense, who have 17000 members also played in the league in 2015.</lex>
      <lex comment="good" lid="Id3">The Vila Nova Futebol Clube were champions at the Campeonato Brasileiro Série C. based in Brazil. Agremiação Sportiva Arapiraquense, who have 17000 members, also played in the league in 2015.</lex>
    </entry>
    <entry category="SportsTeam" eid="Id27" size="5">
      <originaltripleset>
        <otriple>Agremiação_Sportiva_Arapiraquense | league | Campeonato_Brasileiro_Série_C</otriple>
        <otriple>Campeonato_Brasileiro_Série_C | country | Brazil</otriple>
        <otriple>Agremiação_Sportiva_Arapiraquense | season | 2015_Campeonato_Brasileiro_Série_C</otriple>
        <otriple>Agremiação_Sportiva_Arapiraquense | capacity | 17000</otriple>
        <otriple>Campeonato_Brasileiro_Série_C | champions | Vila_Nova_Futebol_Clube</otriple>
      </originaltripleset>
      <originaltripleset>
        <otriple>Agremiação_Sportiva_Arapiraquense | league | Campeonato_Brasileiro_Série_C</otriple>
        <otriple>Campeonato_Brasileiro_Série_C | country | Brazil</otriple>
        <otriple>Agremiação_Sportiva_Arapiraquense | capacity | "17000"^^xsd:nonNegativeInteger</otriple>
        <otriple>Agremiação_Sportiva_Arapiraquense | season | 2015_Campeonato_Brasileiro_Série_C</otriple>
        <otriple>Campeonato_Brasileiro_Série_C | champions | Vila_Nova_Futebol_Clube</otriple>
      </originaltripleset>
      <modifiedtripleset>
        <mtriple>Agremiação_Sportiva_Arapiraquense | league | Campeonato_Brasileiro_Série_C</mtriple>
        <mtriple>Campeonato_Brasileiro_Série_C | country | Brazil</mtriple>
        <mtriple>Agremiação_Sportiva_Arapiraquense | numberOfMembers | 17000</mtriple>
        <mtriple>Agremiação_Sportiva_Arapiraquense | season | 2015_Campeonato_Brasileiro_Série_C</mtriple>
        <mtriple>Campeonato_Brasileiro_Série_C | champions | Vila_Nova_Futebol_Clube</mtriple>
      </modifiedtripleset>
      <lex comment="good" lid="Id1">Agremiação Sportiva Arapiraquense (with 17000 members) play in Brazil's Campeonato Brasileiro Série C league and competed in the 2015 event. Vila Nova Futebol Clube are the champions of Série C.</lex>
      <lex comment="good" lid="Id2">Agremiação Sportiva Arapiraquense play in the Campeonato Brasileiro Série C league based in Brazil. It has 17000 members. Champions of the Serie C league is the Vila Nova Futebol Clube.</lex>
      <lex comment="good" lid="Id3">The Vila Nova Futebol Clube were champions at the Campeonato Brasileiro Série C from Brazil. Agremiação Sportiva Arapiraquense, who have 17000 members, also competed in the league in 2015.</lex>
    </entry>
    <entry category="SportsTeam" eid="Id28" size="5">
      <originaltripleset>
        <otriple>Akron_Summit_Assault | ground | St._Vincent–St._Mary_High_School</otriple>
        <otriple>Akron,_Ohio | country | United_States</otriple>
        <otriple>Akron_Summit_Assault | league | Premier_Development_League</otriple>
        <otriple>Premier_Development_League | champions | K-W_United_FC</otriple>
        <otriple>St._Vincent–St._Mary_High_School | city | Akron,_Ohio</otriple>
      </originaltripleset>
      <modifiedtripleset>
        <mtriple>Akron_Summit_Assault | ground | St._Vincent–St._Mary_High_School</mtriple>
        <mtriple>Akron,_Ohio | country | United_States</mtriple>
        <mtriple>Akron_Summit_Assault | league | Premier_Development_League</mtriple>
        <mtriple>Premier_Development_League | champions | K-W_United_FC</mtriple>
        <mtriple>St._Vincent–St._Mary_High_School | city | Akron,_Ohio</mtriple>
      </modifiedtripleset>
      <lex comment="good" lid="Id1">St. Vincent-St. Mary High School, which is in Akron, Ohio, in the United States, is the ground of Akron Summit Assault. They play in the Premier Development League, where the champions have been K-W United FC.</lex>
      <lex comment="good" lid="Id2">St Vincent-St Mary High School, located in Akron, Ohio, US is the home of Akron Summit Assault. They play football in the Premier Development League, of which K-W United FC were champions.</lex>
      <lex comment="good" lid="Id3">K-W United FC have been champions of the Premier Development League, which Akron Summit Assault play in. their ground is St. Vincent-St. Mary High School in Akron, Ohio, in the U.S.</lex>
    </entry>
    <entry category="SportsTeam" eid="Id29" size="5">
      <originaltripleset>
        <otriple>Akron_Summit_Assault | ground | St._Vincent–St._Mary_High_School</otriple>
        <otriple>Akron,_Ohio | leaderName | Dan_Horrigan</otriple>
        <otriple>Akron,_Ohio | country | United_States</otriple>
        <otriple>Akron,_Ohio | isPartOf | Summit_County,_Ohio</otriple>
        <otriple>St._Vincent–St._Mary_High_School | city | Akron,_Ohio</otriple>
      </originaltripleset>
      <modifiedtripleset>
        <mtriple>Akron_Summit_Assault | ground | St._Vincent–St._Mary_High_School</mtriple>
        <mtriple>Akron,_Ohio | leader | Dan_Horrigan</mtriple>
        <mtriple>Akron,_Ohio | country | United_States</mtriple>
        <mtriple>Akron,_Ohio | isPartOf | Summit_County,_Ohio</mtriple>
        <mtriple>St._Vincent–St._Mary_High_School | city | Akron,_Ohio</mtriple>
      </modifiedtripleset>
      <lex comment="good" lid="Id1">Akron, Ohio is located in the United States, is part of the Summit County and has Dan Horrigan as a leader. Akron is also home to St Vincent-St Mary High School which is the ground of Akron Summit Assault.</lex>
      <lex comment="good" lid="Id2">St. Vincent–St. Mary High School is located in the city of Akron, Ohio, USA. The school is the ground of Akron Summit Assault. The city is part of Summit County, Ohio. It is led by Dan Horrigan.</lex>
      <lex comment="good" lid="Id3">Dan Horrigan is the leader in Akron, Summit County, Ohio, United States, where St Vincent-St Mary High School is located. The school is the location for the home ground of Akron Summit Assault.</lex>
    </entry>
    <entry category="SportsTeam" eid="Id30" size="5">
      <originaltripleset>
        <otriple>Akron_Summit_Assault | ground | St._Vincent–St._Mary_High_School</otriple>
        <otriple>Akron,_Ohio | leaderName | Dan_Horrigan</otriple>
        <otriple>St._Vincent–St._Mary_High_School | country | United_States</otriple>
        <otriple>Akron,_Ohio | isPartOf | Summit_County,_Ohio</otriple>
        <otriple>St._Vincent–St._Mary_High_School | city | Akron,_Ohio</otriple>
      </originaltripleset>
      <modifiedtripleset>
        <mtriple>Akron_Summit_Assault | ground | St._Vincent–St._Mary_High_School</mtriple>
        <mtriple>Akron,_Ohio | leader | Dan_Horrigan</mtriple>
        <mtriple>St._Vincent–St._Mary_High_School | country | United_States</mtriple>
        <mtriple>Akron,_Ohio | isPartOf | Summit_County,_Ohio</mtriple>
        <mtriple>St._Vincent–St._Mary_High_School | city | Akron,_Ohio</mtriple>
      </modifiedtripleset>
      <lex comment="good" lid="Id1">The ground of Akron Summit Assault is located at St Vincent St Mary High School in the city of Akron, Summit County, Ohio, United States, where the leader is Dan Horrigan.</lex>
      <lex comment="good" lid="Id2">Akron Summit Assault have their ground at St Vincent St Mary High School which is based in Akron, Summit County, Ohio in the United States. Dan Horrigan is the leader of Akron.</lex>
      <lex comment="good" lid="Id3">Dan Horrigan is the leader of Akron where the home ground of Akron Summit Assault is located at St Vincent St Mary High School in the city of Akron, Summit County, Ohio, United States.</lex>
    </entry>
    <entry category="SportsTeam" eid="Id31" size="5">
      <originaltripleset>
        <otriple>Akron_Summit_Assault | ground | St._Vincent–St._Mary_High_School</otriple>
        <otriple>Akron,_Ohio | subdivisionName | Summit_County,_Ohio</otriple>
        <otriple>Akron,_Ohio | leaderName | Dan_Horrigan</otriple>
        <otriple>Akron,_Ohio | country | United_States</otriple>
        <otriple>St._Vincent–St._Mary_High_School | city | Akron,_Ohio</otriple>
      </originaltripleset>
      <modifiedtripleset>
        <mtriple>Akron_Summit_Assault | ground | St._Vincent–St._Mary_High_School</mtriple>
        <mtriple>Akron,_Ohio | location | Summit_County,_Ohio</mtriple>
        <mtriple>Akron,_Ohio | leader | Dan_Horrigan</mtriple>
        <mtriple>Akron,_Ohio | country | United_States</mtriple>
        <mtriple>St._Vincent–St._Mary_High_School | city | Akron,_Ohio</mtriple>
      </modifiedtripleset>
      <lex comment="good" lid="Id1">St. Vincent-St. Mary High School is located in Akron, Summit County, Ohio USA. St Vincent-St Mary High School is the ground of Akron Summit Assault. The leader of Akron, Ohio is a one Dan Horrigan.</lex>
      <lex comment="good" lid="Id2">Akron Summit Assault's ground is St. Vincent-St. Mary High School, which is located in the city of Akron, Ohio, (where the leader is Dan Horrigan), in the United States.</lex>
      <lex comment="good" lid="Id3">Akron Summit Assault's ground is St. Vincent-St. Mary High School. Which is in the United States in Summit County, in Akron, Ohio where Dan Horrigan is the leader.</lex>
    </entry>
    <entry category="SportsTeam" eid="Id32" size="5">
      <originaltripleset>
        <otriple>Akron_Summit_Assault | ground | St._Vincent–St._Mary_High_School</otriple>
        <otriple>Akron,_Ohio | subdivisionName | Summit_County,_Ohio</otriple>
        <otriple>Akron,_Ohio | leaderName | Dan_Horrigan</otriple>
        <otriple>St._Vincent–St._Mary_High_School | country | United_States</otriple>
        <otriple>St._Vincent–St._Mary_High_School | city | Akron,_Ohio</otriple>
      </originaltripleset>
      <modifiedtripleset>
        <mtriple>Akron_Summit_Assault | ground | St._Vincent–St._Mary_High_School</mtriple>
        <mtriple>Akron,_Ohio | location | Summit_County,_Ohio</mtriple>
        <mtriple>Akron,_Ohio | leader | Dan_Horrigan</mtriple>
        <mtriple>St._Vincent–St._Mary_High_School | country | United_States</mtriple>
        <mtriple>St._Vincent–St._Mary_High_School | city | Akron,_Ohio</mtriple>
      </modifiedtripleset>
      <lex comment="good" lid="Id1">Akron Summit Assault's ground is at St. Vincent-St. Mary High School in Akron, Summit County, Ohio in the U.S. Dan Horrigan is the leader of Akron, Ohio.</lex>
      <lex comment="good" lid="Id2">Dan Horrigan is the leader of Akron, Summit County, Ohio in the United States. Akron is the location of the home ground of Akron Summit Assault at St Vincent St Mary High School.</lex>
      <lex comment="good" lid="Id3">St. Vincent St.Mary High School is located in Summit County, Ohio, Akron, Ohio, United States. Its leader is Dan Horrigan and it is the ground of Akron Summit Assault.</lex>
    </entry>
    <entry category="SportsTeam" eid="Id33" size="5">
      <originaltripleset>
        <otriple>Akron_Summit_Assault | ground | St._Vincent–St._Mary_High_School</otriple>
        <otriple>St._Vincent–St._Mary_High_School | country | United_States</otriple>
        <otriple>Akron_Summit_Assault | league | Premier_Development_League</otriple>
        <otriple>Premier_Development_League | champions | K-W_United_FC</otriple>
        <otriple>St._Vincent–St._Mary_High_School | city | Akron,_Ohio</otriple>
      </originaltripleset>
      <modifiedtripleset>
        <mtriple>Akron_Summit_Assault | ground | St._Vincent–St._Mary_High_School</mtriple>
        <mtriple>St._Vincent–St._Mary_High_School | country | United_States</mtriple>
        <mtriple>Akron_Summit_Assault | league | Premier_Development_League</mtriple>
        <mtriple>Premier_Development_League | champions | K-W_United_FC</mtriple>
        <mtriple>St._Vincent–St._Mary_High_School | city | Akron,_Ohio</mtriple>
      </modifiedtripleset>
      <lex comment="good" lid="Id1">Akron Summit Assault play in the Premier Development League( where K-W United FC were previously champions). The team has their ground at St Vincent-St Mary High School in Akron, Ohio, United States.</lex>
      <lex comment="good" lid="Id2">K-W United FC have been champions of the Premier Development League, which is the league Akron Summit Assault play in. Akron Summit Assault's ground is St. Vincent-St. Mary High School, in Akron, Ohio, in the United States.</lex>
      <lex comment="good" lid="Id3">Akron Summit Assault's ground is St. Vincent-St. Mary High School, Akron, Ohio, United States. The team play in the Premier Development League, which has previously been won by K-W United FC.</lex>
    </entry>
    <entry category="SportsTeam" eid="Id34" size="5">
      <originaltripleset>
        <otriple>Akron_Summit_Assault | ground | St._Vincent–St._Mary_High_School</otriple>
        <otriple>St._Vincent–St._Mary_High_School | state | Ohio</otriple>
        <otriple>Akron,_Ohio | country | United_States</otriple>
        <otriple>Akron,_Ohio | isPartOf | Summit_County,_Ohio</otriple>
        <otriple>St._Vincent–St._Mary_High_School | city | Akron,_Ohio</otriple>
      </originaltripleset>
      <modifiedtripleset>
        <mtriple>Akron_Summit_Assault | ground | St._Vincent–St._Mary_High_School</mtriple>
        <mtriple>St._Vincent–St._Mary_High_School | state | Ohio</mtriple>
        <mtriple>Akron,_Ohio | country | United_States</mtriple>
        <mtriple>Akron,_Ohio | isPartOf | Summit_County,_Ohio</mtriple>
        <mtriple>St._Vincent–St._Mary_High_School | city | Akron,_Ohio</mtriple>
      </modifiedtripleset>
      <lex comment="good" lid="Id1">St Vincent-St Mary High School in Akron, Summit County, Ohio, USA is the location for the home ground of Akron Summit Assault.</lex>
      <lex comment="good" lid="Id2">The ground of Akron Summit Assault is located at St. Vincent–St. Mary High School in the city of Akron, Summit County, Ohio, US.</lex>
      <lex comment="good" lid="Id3">Akron Summit Assault have their ground at St Vincent St Mary High School in the city of Akron, Summit County, Ohio, USA.</lex>
    </entry>
    <entry category="SportsTeam" eid="Id35" size="5">
      <originaltripleset>
        <otriple>Akron_Summit_Assault | ground | St._Vincent–St._Mary_High_School</otriple>
        <otriple>St._Vincent–St._Mary_High_School | state | Ohio</otriple>
        <otriple>Akron,_Ohio | leaderName | Dan_Horrigan</otriple>
        <otriple>Akron,_Ohio | country | United_States</otriple>
        <otriple>St._Vincent–St._Mary_High_School | city | Akron,_Ohio</otriple>
      </originaltripleset>
      <modifiedtripleset>
        <mtriple>Akron_Summit_Assault | ground | St._Vincent–St._Mary_High_School</mtriple>
        <mtriple>St._Vincent–St._Mary_High_School | state | Ohio</mtriple>
        <mtriple>Akron,_Ohio | leader | Dan_Horrigan</mtriple>
        <mtriple>Akron,_Ohio | country | United_States</mtriple>
        <mtriple>St._Vincent–St._Mary_High_School | city | Akron,_Ohio</mtriple>
      </modifiedtripleset>
      <lex comment="good" lid="Id1">Akron Summit Assault's ground is at St. Vincent-St. Mary High School in Akron, Ohio, U.S.A. Dan Horrigan is the leader of that city.</lex>
      <lex comment="good" lid="Id2">Akron Summit Assault's ground is St. Vincent-St.Mary High School which is located in the city of Akron, Ohio (USA). This state is currently led by Dan Horrigan.</lex>
    </entry>
    <entry category="SportsTeam" eid="Id36" size="5">
      <originaltripleset>
        <otriple>Akron_Summit_Assault | ground | St._Vincent–St._Mary_High_School</otriple>
        <otriple>St._Vincent–St._Mary_High_School | state | Ohio</otriple>
        <otriple>Akron,_Ohio | leaderName | Dan_Horrigan</otriple>
        <otriple>St._Vincent–St._Mary_High_School | country | United_States</otriple>
        <otriple>St._Vincent–St._Mary_High_School | city | Akron,_Ohio</otriple>
      </originaltripleset>
      <modifiedtripleset>
        <mtriple>Akron_Summit_Assault | ground | St._Vincent–St._Mary_High_School</mtriple>
        <mtriple>St._Vincent–St._Mary_High_School | state | Ohio</mtriple>
        <mtriple>Akron,_Ohio | leader | Dan_Horrigan</mtriple>
        <mtriple>St._Vincent–St._Mary_High_School | country | United_States</mtriple>
        <mtriple>St._Vincent–St._Mary_High_School | city | Akron,_Ohio</mtriple>
      </modifiedtripleset>
      <lex comment="good" lid="Id1">St. Vincent-St. Mary High School is in Akron, Ohio U.S and is the home ground for Akron Summit Assault. Dan Horrigan is the leader of Akron, Ohio.</lex>
      <lex comment="good" lid="Id2">The Akron Summit Assault's ground is St. Vincent-St.Mary High School. The School is located in Akron, Ohio, United States which currently has Dan Horrigan as a leader.</lex>
      <lex comment="good" lid="Id3">Dan Horrigan is the leader of Akron where Akron Summit Assault have their ground at St Vincent St Mary High School in Ohio, United States.</lex>
    </entry>
    <entry category="SportsTeam" eid="Id37" size="5">
      <originaltripleset>
        <otriple>Akron_Summit_Assault | ground | St._Vincent–St._Mary_High_School</otriple>
        <otriple>St._Vincent–St._Mary_High_School | state | Ohio</otriple>
        <otriple>St._Vincent–St._Mary_High_School | country | United_States</otriple>
        <otriple>Akron,_Ohio | isPartOf | Summit_County,_Ohio</otriple>
        <otriple>St._Vincent–St._Mary_High_School | city | Akron,_Ohio</otriple>
      </originaltripleset>
      <modifiedtripleset>
        <mtriple>Akron_Summit_Assault | ground | St._Vincent–St._Mary_High_School</mtriple>
        <mtriple>St._Vincent–St._Mary_High_School | state | Ohio</mtriple>
        <mtriple>St._Vincent–St._Mary_High_School | country | United_States</mtriple>
        <mtriple>Akron,_Ohio | isPartOf | Summit_County,_Ohio</mtriple>
        <mtriple>St._Vincent–St._Mary_High_School | city | Akron,_Ohio</mtriple>
      </modifiedtripleset>
      <lex comment="good" lid="Id1">St. Vincent St.Mary High School is located in Summit County, Ohio in the United States. The Akron Summit Assault ground is at this high school.</lex>
      <lex comment="good" lid="Id2">Akron Summit Assault have their home ground at St Vincent St Mary High School which is located in the city of Akron, Summit County, Ohio, United States.</lex>
      <lex comment="good" lid="Id3">St. Vincent–St. Mary High School is located in the city of Akron, Summit County, Ohio, United States and is the location for the home ground of Akron Summit Assault.</lex>
    </entry>
    <entry category="SportsTeam" eid="Id38" size="5">
      <originaltripleset>
        <otriple>Italy | demonym | Italians</otriple>
        <otriple>Italy | capital | Rome</otriple>
        <otriple>Italy | leader | Sergio_Mattarella</otriple>
        <otriple>A.S._Gubbio_1910 | ground | Italy</otriple>
        <otriple>Italy | language | Italian_language</otriple>
      </originaltripleset>
      <modifiedtripleset>
        <mtriple>Italy | demonym | Italians</mtriple>
        <mtriple>Italy | capital | Rome</mtriple>
        <mtriple>Italy | leader | Sergio_Mattarella</mtriple>
        <mtriple>A.S._Gubbio_1910 | ground | Italy</mtriple>
        <mtriple>Italy | language | Italian_language</mtriple>
      </modifiedtripleset>
      <lex comment="good" lid="Id1">AS Gubbio have their ground in Italy where the leader is Sergio Mattarella. The Italian people speak the Italian language and their capital city is Rome.</lex>
      <lex comment="good" lid="Id2">Italians are the people who live in Italy, where the language is Italian and Sergio Mattarella is the leader. It is also where the capital is Rome and the ground of A.S. Gubbio 1910 is located.</lex>
      </entry>
    <entry category="SportsTeam" eid="Id39" size="5">
      <originaltripleset>
        <otriple>Italy | leaderName | Pietro_Grasso</otriple>
        <otriple>Italy | capital | Rome</otriple>
        <otriple>Italy | leader | Sergio_Mattarella</otriple>
        <otriple>A.S._Gubbio_1910 | ground | Italy</otriple>
        <otriple>Italy | language | Italian_language</otriple>
      </originaltripleset>
      <modifiedtripleset>
        <mtriple>Italy | leader | Pietro_Grasso</mtriple>
        <mtriple>Italy | capital | Rome</mtriple>
        <mtriple>Italy | leader | Sergio_Mattarella</mtriple>
        <mtriple>A.S._Gubbio_1910 | ground | Italy</mtriple>
        <mtriple>Italy | language | Italian_language</mtriple>
      </modifiedtripleset>
      <lex comment="good" lid="Id1">The ground of A.S. Gubbio 1910 is located in Italy, where there are leaders called Pietro Grasso and Sergio Mattarella. Italy's capital is Rome and the language spoken in the country is Italian.</lex>
      <lex comment="good" lid="Id2">Rome is the capital of Italy, where leaders include, Pietro Grasso and Sergio Mattarella. Italian is spoken there and it is also where the ground of A.S. Gubbio 1910 is located.</lex>
      <lex comment="good" lid="Id3">Pietro Grasso and Sergio Mattarella are two leaders in Italy. Italy's capital is Rome and the language spoken there is Italian. A.S. Gubbio 1910 play in that country.</lex>
    </entry>
    <entry category="SportsTeam" eid="Id40" size="5">
      <originaltripleset>
        <otriple>Italy | leaderName | Pietro_Grasso</otriple>
        <otriple>Italy | demonym | Italians</otriple>
        <otriple>Italy | capital | Rome</otriple>
        <otriple>Italy | leader | Sergio_Mattarella</otriple>
        <otriple>A.S._Gubbio_1910 | ground | Italy</otriple>
      </originaltripleset>
      <modifiedtripleset>
        <mtriple>Italy | leader | Pietro_Grasso</mtriple>
        <mtriple>Italy | demonym | Italians</mtriple>
        <mtriple>Italy | capital | Rome</mtriple>
        <mtriple>Italy | leader | Sergio_Mattarella</mtriple>
        <mtriple>A.S._Gubbio_1910 | ground | Italy</mtriple>
      </modifiedtripleset>
      <lex comment="good" lid="Id1">The ground of A.S. Gubbio 1910 is located in Italy, where Italians live. The capital is Rome and two of the leaders are Pietro Grasso, and Sergio Mattarella.</lex>
      <lex comment="good" lid="Id2">Italy is the location of the home ground of AS Gubbio 1910. The country's leaders are Sergio Mattarella and Pietro Grasso. The inhabitants are known as Italian and the capital city is Rome.</lex>
      <lex comment="good" lid="Id3">Pietro Grasso and Sergio Mattarella are Italian leaders in Italy. The ground of A.S. Gubbio 1910 is located in Italy where Rome is the capital.</lex>
    </entry>
    <entry category="SportsTeam" eid="Id41" size="5">
      <originaltripleset>
        <otriple>Italy | leaderName | Pietro_Grasso</otriple>
        <otriple>Italy | demonym | Italians</otriple>
        <otriple>Italy | leader | Sergio_Mattarella</otriple>
        <otriple>A.S._Gubbio_1910 | ground | Italy</otriple>
        <otriple>Italy | language | Italian_language</otriple>
      </originaltripleset>
      <modifiedtripleset>
        <mtriple>Italy | leader | Pietro_Grasso</mtriple>
        <mtriple>Italy | demonym | Italians</mtriple>
        <mtriple>Italy | leader | Sergio_Mattarella</mtriple>
        <mtriple>A.S._Gubbio_1910 | ground | Italy</mtriple>
        <mtriple>Italy | language | Italian_language</mtriple>
      </modifiedtripleset>
      <lex comment="good" lid="Id1">Italians are the people who live in Italy, where Italian is the language. Two of the leaders there are Pietro Grasso and Sergio Mattarella. Also in Italy, is the ground of A.S. Gubbio 1910.</lex>
      <lex comment="good" lid="Id2">The ground of A.S. Gubbio 1910 is located in Italy, where Italians live and where the language spoken is Italian. Pietro Grasso and Sergio Mattarella are leaders in Italy.</lex>
      <lex comment="good" lid="Id3">The ground of A.S. Gubbio 1910 is located in Italy where Pietro Grasso and Sergio Mattarella lead the Italian people and the Italian language is spoken.</lex>
    </entry>
    <entry category="SportsTeam" eid="Id42" size="5">
      <originaltripleset>
        <otriple>Italy | leaderName | Pietro_Grasso</otriple>
        <otriple>Italy | officialLanguage | Italian_language</otriple>
        <otriple>Italy | capital | Rome</otriple>
        <otriple>Italy | leader | Sergio_Mattarella</otriple>
        <otriple>A.S._Gubbio_1910 | ground | Italy</otriple>
      </originaltripleset>
      <modifiedtripleset>
        <mtriple>Italy | leader | Pietro_Grasso</mtriple>
        <mtriple>Italy | officialLanguage | Italian_language</mtriple>
        <mtriple>Italy | capital | Rome</mtriple>
        <mtriple>Italy | leader | Sergio_Mattarella</mtriple>
        <mtriple>A.S._Gubbio_1910 | ground | Italy</mtriple>
      </modifiedtripleset>
      <lex comment="good" lid="Id1">The ground of A.S. Gubbio 1910 is located in Italy, where Rome is the capital, Italian is the official language and where there are leaders called Pietro Grasso and Sergio Mattarella.</lex>
      <lex comment="good" lid="Id2">Pietro Grasso and Sergio Mattarella are both leaders of Italy where Rome is the capital city and the language spoken is Italian. In this country the ground of A.S. Gubbio 1910 is also located.</lex>
      <lex comment="good" lid="Id3">The ground of A.S. Gubbio 1910 is located in Italy, where Pietro Grasso and Sergio Mattarella are leaders. Italy's capital is Rome, and Italian is the official language.</lex>
    </entry>
    <entry category="SportsTeam" eid="Id43" size="5">
      <originaltripleset>
        <otriple>Italy | leader | Pietro_Grasso</otriple>
        <otriple>Italy | officialLanguage | Italian_language</otriple>
        <otriple>Italy | demonym | Italians</otriple>
        <otriple>Italy | capital | Rome</otriple>
        <otriple>A.S._Gubbio_1910 | ground | Italy</otriple>
      </originaltripleset>
      <modifiedtripleset>
        <mtriple>Italy | leader | Pietro_Grasso</mtriple>
        <mtriple>Italy | officialLanguage | Italian_language</mtriple>
        <mtriple>Italy | demonym | Italians</mtriple>
        <mtriple>Italy | capital | Rome</mtriple>
        <mtriple>A.S._Gubbio_1910 | ground | Italy</mtriple>
      </modifiedtripleset>
      <lex comment="good" lid="Id1">The ground of A.S. Gubbio 1910 is located in Italy, the country which is inhabited by Italians. The capital of Italy is Rome, the official language is Italian and the leader is Pietro Grasso.</lex>
      <lex comment="good" lid="Id2">The ground of A.S. Gubbio 1910 is located in Italy, where the people who live there are called Italians. The official language is Italian and the country's leader is Pietro Grasso.</lex>
      <lex comment="good" lid="Id3">Italians inhabit Italy, where the capital is Rome. It is also where Italian is the official language and Pietro Grasso is the leader. The ground of A.S. Gubbio 1910 is located in Italy.</lex>
    </entry>
    <entry category="SportsTeam" eid="Id44" size="5">
      <originaltripleset>
        <otriple>Italy | leaderName | Pietro_Grasso</otriple>
        <otriple>Italy | officialLanguage | Italian_language</otriple>
        <otriple>Italy | demonym | Italians</otriple>
        <otriple>Italy | leader | Sergio_Mattarella</otriple>
        <otriple>A.S._Gubbio_1910 | ground | Italy</otriple>
      </originaltripleset>
      <modifiedtripleset>
        <mtriple>Italy | leader | Pietro_Grasso</mtriple>
        <mtriple>Italy | officialLanguage | Italian_language</mtriple>
        <mtriple>Italy | demonym | Italians</mtriple>
        <mtriple>Italy | leader | Sergio_Mattarella</mtriple>
        <mtriple>A.S._Gubbio_1910 | ground | Italy</mtriple>
      </modifiedtripleset>
      <lex comment="good" lid="Id1">AS Gubbio have their home ground in Italy where Pietro Grasso and Sergio Mattarella are leaders. The official language of the Italian people is Italian.</lex>
      </entry>
    <entry category="SportsTeam" eid="Id45" size="5">
      <originaltripleset>
        <otriple>Olympic_Stadium_(Athens) | location | Athens</otriple>
        <otriple>AEK_Athens_F.C. | manager | Gus_Poyet</otriple>
        <otriple>Gus_Poyet | clubs | Real_Zaragoza</otriple>
        <otriple>AEK_Athens_F.C. | ground | Olympic_Stadium_(Athens)</otriple>
        <otriple>Gus_Poyet | team | Chelsea_F.C.</otriple>
      </originaltripleset>
      <modifiedtripleset>
        <mtriple>Olympic_Stadium_(Athens) | location | Athens</mtriple>
        <mtriple>AEK_Athens_F.C. | manager | Gus_Poyet</mtriple>
        <mtriple>Gus_Poyet | club | Real_Zaragoza</mtriple>
        <mtriple>AEK_Athens_F.C. | ground | Olympic_Stadium_(Athens)</mtriple>
        <mtriple>Gus_Poyet | club | Chelsea_F.C.</mtriple>
      </modifiedtripleset>
      <lex comment="good" lid="Id1">The Olympic Stadium (Athens) is the home ground of AEK Athens FC who have been managed by Gus Poyet. His own club is Real Zaragoza and he has played for Chelsea FC.</lex>
      <lex comment="good" lid="Id2">Located in Athens, the Olympic Stadium is the ground for AEK Athens FC. The manager of which is Gus Poyet, whose club is Real Zaragoza, and who has played for Chelsea F.C.</lex>
      <lex comment="good" lid="Id3">The Olympic Stadium (in Athens) is the home ground of AEK Athens FC. That football team is managed by Gus Poyet who played for Chelsea F.C. Gus Poyet is also associated with the Real Zaragoza football club.</lex>
    </entry>
    </entries>
</benchmark>