<benchmark>
  <entries>
    <entry category="ComicsCharacter" eid="Id1" size="5">
      <originaltripleset>
        <otriple>Bananaman | network | BBC</otriple>
        <otriple>Bananaman | creator | John_Geering</otriple>
        <otriple>Bananaman | starring | Graeme_Garden</otriple>
        <otriple>Bananaman | firstAired | "1983-10-03"^^xsd:date</otriple>
        <otriple>Bananaman | lastAired | "1986-04-15"^^xsd:date</otriple>
      </originaltripleset>
      <modifiedtripleset>
        <mtriple>Bananaman | broadcastedBy | BBC</mtriple>
        <mtriple>Bananaman | creator | John_Geering</mtriple>
        <mtriple>Bananaman | starring | Graeme_Garden</mtriple>
        <mtriple>Bananaman | firstAired | "1983-10-03"</mtriple>
        <mtriple>Bananaman | lastAired | "1986-04-15"</mtriple>
      </modifiedtripleset>
      <lex comment="good" lid="Id1">Bananaman first aired on the BBC on October 3rd, 1983 and broadcast its last episode on April 15th, 1986. Bananaman last aired on 15th April 1986. Graeme Garden is one of the stars of the series which was created by John Geering.</lex>
      <lex comment="good" lid="Id2">Bananaman first aired on the BBC on October 3rd, 1983 and broadcast its last episode on April 15th, 1986. The fictional comic superhero Bananaman was created by John Geering and stars Graeme Garden.</lex>
      <lex comment="good" lid="Id3">Bananaman first aired on the BBC on October 3rd, 1983 and broadcast its last episode on April 15th, 1986. Graeme Garden was one of the stars on the series which was created by John Geering.</lex>
    </entry>
    <entry category="ComicsCharacter" eid="Id2" size="5">
      <originaltripleset>
        <otriple>Bananaman | network | BBC</otriple>
        <otriple>Bananaman | creator | "Steve Bright"@en</otriple>
        <otriple>Bananaman | starring | Bill_Oddie</otriple>
        <otriple>Bananaman | firstAired | "1983-10-03"^^xsd:date</otriple>
        <otriple>Bananaman | lastAired | "1986-04-15"^^xsd:date</otriple>
      </originaltripleset>
      <modifiedtripleset>
        <mtriple>Bananaman | broadcastedBy | BBC</mtriple>
        <mtriple>Bananaman | creator | Steve_Bright</mtriple>
        <mtriple>Bananaman | starring | Bill_Oddie</mtriple>
        <mtriple>Bananaman | firstAired | "1983-10-03"</mtriple>
        <mtriple>Bananaman | lastAired | "1986-04-15"</mtriple>
      </modifiedtripleset>
      <lex comment="good" lid="Id1">Bananaman first aired on the BBC on October 3rd, 1983 and broadcast its last episode on April 15th, 1986. Steve Bright created the series which starred Bill Oddie.</lex>
      <lex comment="good" lid="Id2">Bananaman was shown by the BBC and aired between 3 October 1985 and 15 April 1986. It was created by Steve Bright and starred Bill Oddie.</lex>
      <lex comment="good" lid="Id3">Bananaman was the TV series shown by the BBC between 3 October 1983 and 15 April 1986. It was created by Steve Bright and starred Bill Oddie.</lex>
    </entry>
    <entry category="ComicsCharacter" eid="Id3" size="5">
      <originaltripleset>
        <otriple>Bananaman | network | BBC</otriple>
        <otriple>Bananaman | creator | "Steve Bright"@en</otriple>
        <otriple>Bananaman | starring | Graeme_Garden</otriple>
        <otriple>Bananaman | firstAired | "1983-10-03"^^xsd:date</otriple>
        <otriple>Bananaman | lastAired | "1986-04-15"^^xsd:date</otriple>
      </originaltripleset>
      <modifiedtripleset>
        <mtriple>Bananaman | broadcastedBy | BBC</mtriple>
        <mtriple>Bananaman | creator | Steve_Bright</mtriple>
        <mtriple>Bananaman | starring | Graeme_Garden</mtriple>
        <mtriple>Bananaman | firstAired | "1983-10-03"</mtriple>
        <mtriple>Bananaman | lastAired | "1986-04-15"</mtriple>
      </modifiedtripleset>
      <lex comment="good" lid="Id1">Bananaman first aired on the BBC 10/03/1983 and its last broadcast was 15th April 1986. The creator of Bananaman is Steve Bright and the show stars Graeme Garden.</lex>
      <lex comment="good" lid="Id2">Bananaman first aired on the BBC on October 3rd, 1983 and broadcast its last episode on April 15th, 1986. It was created by Steve Bright and stars Graeme Garden.</lex>
      </entry>
    <entry category="ComicsCharacter" eid="Id4" size="5">
      <originaltripleset>
        <otriple>Bananaman | network | BBC</otriple>
        <otriple>Bananaman | starring | Jill_Shilling</otriple>
        <otriple>Bananaman | creator | "Steve Bright"@en</otriple>
        <otriple>Bananaman | firstAired | "1983-10-03"^^xsd:date</otriple>
        <otriple>Bananaman | lastAired | "1986-04-15"^^xsd:date</otriple>
      </originaltripleset>
      <modifiedtripleset>
        <mtriple>Bananaman | broadcastedBy | BBC</mtriple>
        <mtriple>Bananaman | starring | Jill_Shilling</mtriple>
        <mtriple>Bananaman | creator | Steve_Bright</mtriple>
        <mtriple>Bananaman | firstAired | "1983-10-03"</mtriple>
        <mtriple>Bananaman | lastAired | "1986-04-15"</mtriple>
      </modifiedtripleset>
      <lex comment="good" lid="Id1">The BBC aired the TV series of Bananaman between 3 October 1983 and 15 April 1986. It was created by Steve Bright and starred Jill Shilling.</lex>
      <lex comment="good" lid="Id2">Bananaman began airing on the BBC on 10/03/1983 and its last broadcast was April 15th, 1986. The creator of Bananaman is Steve Bright and among its stars are Jill Shilling.</lex>
      <lex comment="good" lid="Id3">Bananaman was broadcast by the BBC, airing between 3 October 1983 and 15 April 1986. It was created by Steve Bright and starred Jill Shilling.</lex>
    </entry>
    <entry category="ComicsCharacter" eid="Id5" size="5">
      <originaltripleset>
        <otriple>Bananaman | creator | John_Geering</otriple>
        <otriple>Bananaman | starring | Graeme_Garden</otriple>
        <otriple>Bananaman | firstAired | "1983-10-03"^^xsd:date</otriple>
        <otriple>Bananaman | lastAired | "1986-04-15"^^xsd:date</otriple>
        <otriple>Bananaman | network | "STV"@en</otriple>
      </originaltripleset>
      <modifiedtripleset>
        <mtriple>Bananaman | creator | John_Geering</mtriple>
        <mtriple>Bananaman | starring | Graeme_Garden</mtriple>
        <mtriple>Bananaman | firstAired | "1983-10-03"</mtriple>
        <mtriple>Bananaman | lastAired | "1986-04-15"</mtriple>
        <mtriple>Bananaman | broadcastedBy | "STV"</mtriple>
      </modifiedtripleset>
      <lex comment="good" lid="Id1">Bananaman first aired on STV on October 3rd, 1983 and broadcast its last episode on April 15th, 1986. The series, which was created by John Geering, stars Graeme Garden.</lex>
      <lex comment="good" lid="Id2">The TV character Bananaman was created by John Geering. The programme was broadcast by STV and starred Graeme Garden. Bananaman was first shown on 10th March 1983 and last aired on 15th April 1986.</lex>
      <lex comment="good" lid="Id3">Bananaman first aired on STV on October 3rd, 1983 and broadcast its last episode on April 15th, 1986. John Geering created the series which stars Graeme Garden.</lex>
    </entry>
    <entry category="ComicsCharacter" eid="Id6" size="5">
      <originaltripleset>
        <otriple>Bananaman | starring | Jill_Shilling</otriple>
        <otriple>Bananaman | creator | Steve_Bright</otriple>
        <otriple>Bananaman | firstAired | "1983-10-03"^^xsd:date</otriple>
        <otriple>Bananaman | lastAired | "1986-04-15"^^xsd:date</otriple>
        <otriple>Bananaman | network | "STV"@en</otriple>
      </originaltripleset>
      <originaltripleset>
        <otriple>Bananaman | starring | Jill_Shilling</otriple>
        <otriple>Bananaman | creator | "Steve Bright"@en</otriple>
        <otriple>Bananaman | firstAired | "1983-10-03"^^xsd:date</otriple>
        <otriple>Bananaman | lastAired | "1986-04-15"^^xsd:date</otriple>
        <otriple>Bananaman | network | "STV"@en</otriple>
      </originaltripleset>
      <modifiedtripleset>
        <mtriple>Bananaman | starring | Jill_Shilling</mtriple>
        <mtriple>Bananaman | creator | Steve_Bright</mtriple>
        <mtriple>Bananaman | firstAired | "1983-10-03"</mtriple>
        <mtriple>Bananaman | lastAired | "1986-04-15"</mtriple>
        <mtriple>Bananaman | broadcastedBy | "STV"</mtriple>
      </modifiedtripleset>
      <lex comment="good" lid="Id1">Bananaman was broadcast by STV between 3 October 1983 and 15 April 1986. It was created by Steve Bright and starred Jill Shilling.</lex>
      <lex comment="good" lid="Id2">Bananaman first aired on STV on October 3rd, 1983 and broadcast its last episode on April 15th, 1986. The series was created by Steve Bright and starred Jill Shilling.</lex>
      <lex comment="good" lid="Id3">Bananaman was broadcast by STV from 3 October 1983 until 15 April 1986. It was created by Steve Bright and starred Jill Shilling.</lex>
    </entry>
    <entry category="ComicsCharacter" eid="Id7" size="5">
      <originaltripleset>
        <otriple>Bananaman | starring | Tim_Brooke-Taylor</otriple>
        <otriple>Bananaman | network | BBC</otriple>
        <otriple>Bananaman | creator | "Steve Bright"@en</otriple>
        <otriple>Bananaman | firstAired | "1983-10-03"^^xsd:date</otriple>
        <otriple>Bananaman | lastAired | "1986-04-15"^^xsd:date</otriple>
      </originaltripleset>
      <originaltripleset>
        <otriple>Bananaman | starring | Tim_Brooke-Taylor</otriple>
        <otriple>Bananaman | network | BBC</otriple>
        <otriple>Bananaman | creator | Steve_Bright</otriple>
        <otriple>Bananaman | firstAired | "1983-10-03"^^xsd:date</otriple>
        <otriple>Bananaman | lastAired | "1986-04-15"^^xsd:date</otriple>
      </originaltripleset>
      <modifiedtripleset>
        <mtriple>Bananaman | starring | Tim_Brooke-Taylor</mtriple>
        <mtriple>Bananaman | broadcastedBy | BBC</mtriple>
        <mtriple>Bananaman | creator | Steve_Bright</mtriple>
        <mtriple>Bananaman | firstAired | "1983-10-03"</mtriple>
        <mtriple>Bananaman | lastAired | "1986-04-15"</mtriple>
      </modifiedtripleset>
      <lex comment="good" lid="Id1">The BBC began broadcasting Bananaman on 10/03/1983 and its last episode went to air on April 15th, 1986. Steve Bright is one of the creators of Bananaman which has Tim Brooke-Taylor as one of its stars.</lex>
      <lex comment="good" lid="Id2">Bananaman first aired on the BBC on October 3rd, 1983 and broadcast its last episode on April 15th, 1986. Its creator was Steve Bright and the series starred Tim Brooke-Taylor.</lex>
    </entry>
    <entry category="ComicsCharacter" eid="Id8" size="5">
      <originaltripleset>
        <otriple>Big_Hero_6_(film) | starring | Ryan_Potter</otriple>
        <otriple>Duncan_Rouleau | nationality | Americans</otriple>
        <otriple>Baymax | creators | Duncan_Rouleau</otriple>
        <otriple>Baymax | creator | Steven_T._Seagle</otriple>
        <otriple>Baymax | series | Big_Hero_6_(film)</otriple>
      </originaltripleset>
      <originaltripleset>
        <otriple>Big_Hero_6_(film) | starring | Ryan_Potter</otriple>
        <otriple>Baymax | creator | Duncan_Rouleau</otriple>
        <otriple>Duncan_Rouleau | nationality | Americans</otriple>
        <otriple>Baymax | creators | Steven_T._Seagle</otriple>
        <otriple>Baymax | series | Big_Hero_6_(film)</otriple>
      </originaltripleset>
      <modifiedtripleset>
        <mtriple>Big_Hero_6_(film) | starring | Ryan_Potter</mtriple>
        <mtriple>Duncan_Rouleau | nationality | Americans</mtriple>
        <mtriple>Baymax | creator | Duncan_Rouleau</mtriple>
        <mtriple>Baymax | creator | Steven_T._Seagle</mtriple>
        <mtriple>Baymax | series | Big_Hero_6_(film)</mtriple>
      </modifiedtripleset>
      <lex comment="good" lid="Id1">Baymax was created by the American, Duncan Rouleau and Steven T Seagle. The character appeared in Big Hero 6 which stars Ryan Potter.</lex>
      <lex comment="good" lid="Id2">The character of Baymax appeared in Big Hero 6 which stars Ryan Potter. He was created by Steven T Seagle and the American, Duncan Rouleau.</lex>
      </entry>
    <entry category="ComicsCharacter" eid="Id9" size="5">
      <originaltripleset>
        <otriple>Duncan_Rouleau | nationality | Americans</otriple>
        <otriple>Baymax | creators | Duncan_Rouleau</otriple>
        <otriple>Baymax | creator | Steven_T._Seagle</otriple>
        <otriple>Baymax | series | Big_Hero_6_(film)</otriple>
        <otriple>Big_Hero_6_(film) | starring | Damon_Wayans,_Jr.</otriple>
      </originaltripleset>
      <modifiedtripleset>
        <mtriple>Duncan_Rouleau | nationality | Americans</mtriple>
        <mtriple>Baymax | creator | Duncan_Rouleau</mtriple>
        <mtriple>Baymax | creator | Steven_T._Seagle</mtriple>
        <mtriple>Baymax | series | Big_Hero_6_(film)</mtriple>
        <mtriple>Big_Hero_6_(film) | starring | Damon_Wayans,_Jr.</mtriple>
      </modifiedtripleset>
      <lex comment="good" lid="Id1">Baymax, a character in Big Hero 6, was created by the american Duncan Rouleau and by Steven T. Seagle. Damon Wayans, Jr. starred in the film Big Hero 6.</lex>
      <lex comment="good" lid="Id2">Baymax, a character in Big Hero 6, was created by the american Duncan Rouleau and by Steven T. Seagle. Damon Wayans, Jr. starred in the film version of Big Hero 6.</lex>
      <lex comment="good" lid="Id3">Baymax is a character in the film Big Hero 6 which stars Damon Wayans Jr. He was created by Steven t Seagle and the American, Duncan Rouleau.</lex>
    </entry>
    <entry category="ComicsCharacter" eid="Id10" size="5">
      <originaltripleset>
        <otriple>Duncan_Rouleau | nationality | Americans</otriple>
        <otriple>Baymax | creators | Duncan_Rouleau</otriple>
        <otriple>Baymax | creator | Steven_T._Seagle</otriple>
        <otriple>Baymax | series | Big_Hero_6_(film)</otriple>
        <otriple>Big_Hero_6_(film) | starring | Jamie_Chung</otriple>
      </originaltripleset>
      <originaltripleset>
        <otriple>Baymax | creator | Duncan_Rouleau</otriple>
        <otriple>Duncan_Rouleau | nationality | Americans</otriple>
        <otriple>Baymax | creators | Steven_T._Seagle</otriple>
        <otriple>Baymax | series | Big_Hero_6_(film)</otriple>
        <otriple>Big_Hero_6_(film) | starring | Jamie_Chung</otriple>
      </originaltripleset>
      <modifiedtripleset>
        <mtriple>Duncan_Rouleau | nationality | Americans</mtriple>
        <mtriple>Baymax | creator | Duncan_Rouleau</mtriple>
        <mtriple>Baymax | creator | Steven_T._Seagle</mtriple>
        <mtriple>Baymax | series | Big_Hero_6_(film)</mtriple>
        <mtriple>Big_Hero_6_(film) | starring | Jamie_Chung</mtriple>
      </modifiedtripleset>
      <lex comment="good" lid="Id1">Baymax is a character in Big Hero 6 which stars Jamie Chung and was created by Steve T. Seagle and Duncan Rouleau, an American.</lex>
      <lex comment="good" lid="Id2">Baymax is a character created by Steven T Seagle and the American, Duncan Rouleau. He appears in Big Hero 6 that stars Jamie Chung.</lex>
      <lex comment="good" lid="Id3">Baymax is a character in Big Hero 6 which stars Jamie Chung. Baymax was created by American Duncan Rouleau and Steven T. Seagle.</lex>
    </entry>
    <entry category="ComicsCharacter" eid="Id11" size="5">
      <originaltripleset>
        <otriple>Baymax | creator | Duncan_Rouleau</otriple>
        <otriple>Duncan_Rouleau | nationality | Americans</otriple>
        <otriple>Baymax | creators | Steven_T._Seagle</otriple>
        <otriple>Baymax | series | Big_Hero_6_(film)</otriple>
        <otriple>Big_Hero_6_(film) | starring | Maya_Rudolph</otriple>
      </originaltripleset>
      <originaltripleset>
        <otriple>Duncan_Rouleau | nationality | Americans</otriple>
        <otriple>Baymax | creators | Duncan_Rouleau</otriple>
        <otriple>Baymax | creator | Steven_T._Seagle</otriple>
        <otriple>Baymax | series | Big_Hero_6_(film)</otriple>
        <otriple>Big_Hero_6_(film) | starring | Maya_Rudolph</otriple>
      </originaltripleset>
      <modifiedtripleset>
        <mtriple>Duncan_Rouleau | nationality | Americans</mtriple>
        <mtriple>Baymax | creator | Duncan_Rouleau</mtriple>
        <mtriple>Baymax | creator | Steven_T._Seagle</mtriple>
        <mtriple>Baymax | series | Big_Hero_6_(film)</mtriple>
        <mtriple>Big_Hero_6_(film) | starring | Maya_Rudolph</mtriple>
      </modifiedtripleset>
      <lex comment="good" lid="Id1">Baymax a character in Big Hero 6 was created by the american Duncan Rouleau and by Steve T. Seagle. Maya Rudolph was one of the stars in the film version of Big Hero 6.</lex>
      <lex comment="good" lid="Id2">Baymax, is a character in Big Hero 6 whose creators are Steve T. Seagle and Duncan Rouleau, an American and it stars Maya Rudolph.</lex>
      <lex comment="good" lid="Id3">Baymax was created by American Duncan Rouleau and Steven T. Seagle. Baymax is a character in Big Hero 6 which stars Maya Rudolph.</lex>
    </entry>
    </entries>
</benchmark>