<benchmark>
  <entries>
    <entry category="Astronaut" eid="Id1" size="2">
      <originaltripleset>
        <otriple>Alan_Bean | birthDate | "1932-03-15"</otriple>
        <otriple>Alan_Bean | almaMater | "UT Austin, B.S. 1955"</otriple>
      </originaltripleset>
      <modifiedtripleset>
        <mtriple>Alan_Bean | birthDate | "1932-03-15"</mtriple>
        <mtriple>Alan_Bean | almaMater | "UT Austin, B.S. 1955"</mtriple>
      </modifiedtripleset>
      <lex comment="good" lid="Id1">Alan Bean was born on March 15, 1932 and received a Bachelor of Science degree at the University of Texas at Austin in 1955.</lex>
      <lex comment="good" lid="Id2">Alan Bean was born on the 15th of March 1932 and graduated from UT Austin in 1955 with a B.S.</lex>
      <lex comment="good" lid="Id3">Alan Bean was born on the 15th of March 1932 and his Alma Mater is UT Austin, B.S. 1955.</lex>
      <lex comment="good" lid="Id4">Alan Bean (born 1932-03-15)'s alma mater was UT Austin B.S. 1955.</lex>
      <lex comment="good" lid="Id5">Alan Bean (born on 1932-03-15) graduated from UT Austin in 1955.</lex>
      <lex comment="good" lid="Id6">Alan Bean was born on March 15, 1932 and his alma mater was UT Austin BS, in 1955.</lex>
    </entry>
    <entry category="Astronaut" eid="Id2" size="2">
      <originaltripleset>
        <otriple>Alan_Bean | birthDate | "1932-03-15"</otriple>
        <otriple>Alan_Bean | birthPlace | Wheeler,_Texas</otriple>
      </originaltripleset>
      <modifiedtripleset>
        <mtriple>Alan_Bean | birthDate | "1932-03-15"</mtriple>
        <mtriple>Alan_Bean | birthPlace | Wheeler,_Texas</mtriple>
      </modifiedtripleset>
      <lex comment="good" lid="Id1">Alan Bean was born in Wheeler, Texas on Mar 15, 1932 .</lex>
      <lex comment="good" lid="Id2">Alan Bean was born on Mar 15, 1932, in Wheeler, Texas.</lex>
      <lex comment="good" lid="Id3">Alan Bean was born in Wheeler, Texas on March 15th, 1932.</lex>
    </entry>
    <entry category="Astronaut" eid="Id3" size="2">
      <originaltripleset>
        <otriple>Alan_Bean | nationality | United_States</otriple>
        <otriple>Alan_Bean | birthPlace | Wheeler,_Texas</otriple>
      </originaltripleset>
      <modifiedtripleset>
        <mtriple>Alan_Bean | nationality | United_States</mtriple>
        <mtriple>Alan_Bean | birthPlace | Wheeler,_Texas</mtriple>
      </modifiedtripleset>
      <lex comment="good" lid="Id1">American Alan Bean was born in Wheeler Texas.</lex>
      <lex comment="good" lid="Id2">Alan Bean was an American, who was born in Wheeler, Texas.</lex>
      <lex comment="good" lid="Id3">Alan Bean is an American who was born in Wheeler, Texas.</lex>
      <lex comment="good" lid="Id4">Alan Bean was born in Wheeler, Texas, United States.</lex>
      <lex comment="good" lid="Id5">Alan Bean was born in Wheeler, Texas and is a citizen of the United States.</lex>
      <lex comment="good" lid="Id6">Alan Bean is an American, born in Wheeler, Texas.</lex>
    </entry>
    <entry category="Astronaut" eid="Id4" size="2">
      <originaltripleset>
        <otriple>Alan_Bean | occupation | Test_pilot</otriple>
        <otriple>Alan_Bean | birthPlace | Wheeler,_Texas</otriple>
      </originaltripleset>
      <modifiedtripleset>
        <mtriple>Alan_Bean | occupation | Test_pilot</mtriple>
        <mtriple>Alan_Bean | birthPlace | Wheeler,_Texas</mtriple>
      </modifiedtripleset>
      <lex comment="good" lid="Id1">Alan Bean, who was born in Wheeler Texas, performed as a test pilot.</lex>
      <lex comment="good" lid="Id2">Alan Bean, born in Wheeler, Texas, performs as a test pilot.</lex>
      <lex comment="good" lid="Id3">Alan Bean was a test pilot who was born in Wheeler, Texas.</lex>
      <lex comment="good" lid="Id4">Alan Bean was born in Wheeler, Texas and pursued a career as a test pilot.</lex>
      <lex comment="good" lid="Id5">Alan Bean (born in Wheeler Texas) served as a test pilot.</lex>
      <lex comment="good" lid="Id6">Alan Bean( born in Wheeler Texas) served as test pilot.</lex>
      <lex comment="good" lid="Id7">Alan Bean, a test pilot, was born in Wheeler, Texas.</lex>
    </entry>
    <entry category="Astronaut" eid="Id5" size="2">
      <originaltripleset>
        <otriple>Alan_Bean | timeInSpace | "100305.0"(minutes)</otriple>
        <otriple>Alan_Bean | selection | 1963</otriple>
      </originaltripleset>
      <modifiedtripleset>
        <mtriple>Alan_Bean | timeInSpace | "100305.0"(minutes)</mtriple>
        <mtriple>Alan_Bean | was selected by NASA | 1963</mtriple>
      </modifiedtripleset>
      <lex comment="good" lid="Id1">Alan Bean, hired by NASA in 1963, spent over 69 days in space.</lex>
      <lex comment="good" lid="Id2">After being recruited by NASA in 1963, Alan Bean spent 100305 minutes in space.</lex>
      <lex comment="good" lid="Id3">Alan Bean, who was picked by NASA in 1963 for the space program, was in space for a total of 100,305 minutes.</lex>
    </entry>
    <entry category="Astronaut" eid="Id6" size="2">
      <originaltripleset>
        <otriple>Alan_Bean | mission | Apollo_12</otriple>
        <otriple>Alan_Bean | dateOfRet | "June 1981"</otriple>
      </originaltripleset>
      <modifiedtripleset>
        <mtriple>Alan_Bean | was a crew member of | Apollo_12</mtriple>
        <mtriple>Alan_Bean | dateOfRetirement | "June 1981"</mtriple>
      </modifiedtripleset>
      <lex comment="good" lid="Id1">Astronaut Alan Bean, who was part of the Apollo 12 crew, retired in June 1981.</lex>
      <lex comment="good" lid="Id2">Before he retired in June 1981, Alan Bean was a member of Apollo 12.</lex>
      <lex comment="good" lid="Id3">Alan Bean, who was one of the astronauts on Apollo 12, retired in June 1981.</lex>
      <lex comment="good" lid="Id4">Alan Bean (retired June 1981) was a crew member of Apollo 12.</lex>
      <lex comment="good" lid="Id5">Alan Bean, a crew member of Apollo 12, retired in June 1981.</lex>
      <lex comment="good" lid="Id6">Alan Bean, formerly a crew member of Apollo 12 retired in June 1981.</lex>
      </entry>
    <entry category="Astronaut" eid="Id7" size="2">
      <originaltripleset>
        <otriple>Alan_Bean | mission | Apollo_12</otriple>
        <otriple>Apollo_12 | operator | NASA</otriple>
      </originaltripleset>
      <modifiedtripleset>
        <mtriple>Alan_Bean | was a crew member of | Apollo_12</mtriple>
        <mtriple>Apollo_12 | operator | NASA</mtriple>
      </modifiedtripleset>
      <lex comment="good" lid="Id1">NASA's Apollo 12 crew included Alan Bean.</lex>
      <lex comment="good" lid="Id2">Alan Bean was part of Apollo 12 which was operated by NASA.</lex>
      <lex comment="good" lid="Id3">Alan Bean was a crew member of the NASA operated Apollo 12.</lex>
      <lex comment="good" lid="Id4">Alan Bean was a crew member of NASA's Apollo 12.</lex>
      <lex comment="good" lid="Id5">Alan Bean served as a crew member of Apollo 12 which is operated by NASA.</lex>
      <lex comment="good" lid="Id6">Alan Bean was a crew member of Apollo 12, which was operated by nasa.</lex>
    </entry>
    <entry category="Astronaut" eid="Id8" size="2">
      <originaltripleset>
        <otriple>Alan_Shepard | almaMater | "NWC, M.A. 1957"</otriple>
        <otriple>Alan_Shepard | awards | Distinguished_Service_Medal_(United_States_Navy)</otriple>
      </originaltripleset>
      <modifiedtripleset>
        <mtriple>Alan_Shepard | almaMater | "NWC, M.A. 1957"</mtriple>
        <mtriple>Alan_Shepard | awards | Distinguished_Service_Medal_(United_States_Navy)</mtriple>
      </modifiedtripleset>
      <lex comment="good" lid="Id1">Alan Shepard, who was awarded the Distinguished Service Medal by the United States Navy, went to school at NWC and graduated with an MA in 1957.</lex>
      <lex comment="good" lid="Id2">1957 NWC M.A. graduate Alan Shepard is a recipient of the United States Navy's Distinguished Service Medal.</lex>
      <lex comment="good" lid="Id3">Alan Shepard who graduated from NWC with an MA in 1957 was awarded the Distinguished Service Medal by the US Navy.</lex>
    </entry>
    <entry category="Astronaut" eid="Id9" size="2">
      <originaltripleset>
        <otriple>Alan_Shepard | birthPlace | New_Hampshire</otriple>
        <otriple>Alan_Shepard | awards | Distinguished_Service_Medal_(United_States_Navy)</otriple>
      </originaltripleset>
      <modifiedtripleset>
        <mtriple>Alan_Shepard | birthPlace | New_Hampshire</mtriple>
        <mtriple>Alan_Shepard | awards | Distinguished_Service_Medal_(United_States_Navy)</mtriple>
      </modifiedtripleset>
      <lex comment="good" lid="Id1">Born in New Hampshire, Alan Shepard got a distinguished Service Medal by the US Navy.</lex>
      <lex comment="good" lid="Id2">Alan Shepard, who was born in New Hampshire, was awarded the United States Navy Distinguished Service Medal.</lex>
      <lex comment="good" lid="Id3">Alan Shepard, who was born in New Hampshire, was awarded the Distinguished Service Medal by the U.S. Navy.</lex>
      <lex comment="good" lid="Id4">Alan Shepard born in New Hampshire, was awarded the " Distinguished Service Medal".</lex>
      <lex comment="good" lid="Id5">Alan Shepard (born in New Hampshire) was awarded the Distinguished Service Medal of United States Navy.</lex>
    </entry>
    <entry category="Astronaut" eid="Id10" size="2">
      <originaltripleset>
        <otriple>Alan_Shepard | birthPlace | New_Hampshire</otriple>
        <otriple>Alan_Shepard | nationality | United_States</otriple>
      </originaltripleset>
      <modifiedtripleset>
        <mtriple>Alan_Shepard | birthPlace | New_Hampshire</mtriple>
        <mtriple>Alan_Shepard | nationality | United_States</mtriple>
      </modifiedtripleset>
      <lex comment="good" lid="Id1">Alan Shepard is an American citizen who was born in New Hampshire.</lex>
      <lex comment="good" lid="Id2">Alan Shepard was born in the American state of New Hampshire.</lex>
      <lex comment="good" lid="Id3">Alan Shepard is an American who was born in New Hampshire.</lex>
      <lex comment="good" lid="Id4">Alan Shepard is a US citizen born in New Hampshire.</lex>
      <lex comment="good" lid="Id5">Alan Shepard has a US nationality and was born in the New Hampshire.</lex>
      <lex comment="toFix" lid="Id6">Alan Shepard was born in New Hampshire (US(.</lex>
    </entry>
    <entry category="Astronaut" eid="Id11" size="2">
      <originaltripleset>
        <otriple>Alan_Shepard | deathPlace | California</otriple>
        <otriple>Alan_Shepard | birthPlace | New_Hampshire</otriple>
      </originaltripleset>
      <modifiedtripleset>
        <mtriple>Alan_Shepard | deathPlace | California</mtriple>
        <mtriple>Alan_Shepard | birthPlace | New_Hampshire</mtriple>
      </modifiedtripleset>
      <lex comment="good" lid="Id1">Alan Shepard was born in New Hampshire but died in California.</lex>
      <lex comment="good" lid="Id2">Alan Shepard was born in New Hampshire and died in California.</lex>
      <lex comment="good" lid="Id3">Alan Shepard (born in New Hampshire) died in California.</lex>
      <lex comment="good" lid="Id4">Alan Shepard ( born in New Hampshire ) died in California.</lex>
    </entry>
    <entry category="Astronaut" eid="Id12" size="2">
      <originaltripleset>
        <otriple>Alan_Shepard | deathPlace | California</otriple>
        <otriple>Alan_Shepard | deathDate | "1998-07-21"</otriple>
      </originaltripleset>
      <modifiedtripleset>
        <mtriple>Alan_Shepard | deathPlace | California</mtriple>
        <mtriple>Alan_Shepard | deathDate | "1998-07-21"</mtriple>
      </modifiedtripleset>
      <lex comment="good" lid="Id1">Alan Shepard died in California on July 21, 1998.</lex>
      <lex comment="good" lid="Id2">Alan Shepard died in California om July 21, 1998.</lex>
      <lex comment="good" lid="Id3">Alan Shepard died in California on July 21st, 1998.</lex>
      <lex comment="good" lid="Id4">Alan Shepard died in California on 1998-07-21.</lex>
      <lex comment="toFix" lid="Id5">Alan Shephard passed away on 1998-07-21 in California.</lex>
    </entry>
    <entry category="Astronaut" eid="Id13" size="2">
      <originaltripleset>
        <otriple>Alan_Shepard | deathPlace | California</otriple>
        <otriple>California | senators | Dianne_Feinstein</otriple>
      </originaltripleset>
      <modifiedtripleset>
        <mtriple>Alan_Shepard | deathPlace | California</mtriple>
        <mtriple>California | senators | Dianne_Feinstein</mtriple>
      </modifiedtripleset>
      <lex comment="good" lid="Id1">Dianne Feinstein is one of the senators of California, where Alan Shepard died.</lex>
      <lex comment="good" lid="Id2">Alan Shepard died in California where Dianne Feinstein was the Senator representing the state.</lex>
      <lex comment="good" lid="Id3">Senator Dianne Feinstein and Alan Shepard are both Californians.</lex>
    </entry>
    <entry category="Astronaut" eid="Id14" size="2">
      <originaltripleset>
        <otriple>Alan_Shepard | nationality | United_States</otriple>
        <otriple>Alan_Shepard | birthDate | "1923-11-18"</otriple>
      </originaltripleset>
      <modifiedtripleset>
        <mtriple>Alan_Shepard | nationality | United_States</mtriple>
        <mtriple>Alan_Shepard | birthDate | "1923-11-18"</mtriple>
      </modifiedtripleset>
      <lex comment="good" lid="Id1">American Alan Shepard was born on Nov. 18, 1923.</lex>
      <lex comment="good" lid="Id2">Alan Shepard was born on the 18th November 1923 in the United States.</lex>
      <lex comment="good" lid="Id3">Alan Shepard was an American who was born on November 18th, 1923.</lex>
    </entry>
    <entry category="Astronaut" eid="Id15" size="2">
      <originaltripleset>
        <otriple>Alan_Shepard | years | 1963</otriple>
        <otriple>Alan_Shepard | title | Chief_of_the_Astronaut_Office</otriple>
      </originaltripleset>
      <modifiedtripleset>
        <mtriple>Alan_Shepard | served as Chief of the Astronaut Office in | 1963</mtriple>
        <mtriple>Alan_Shepard | title | Chief_of_the_Astronaut_Office</mtriple>
      </modifiedtripleset>
      <lex comment="good" lid="Id1">In 1963 the Chief of the Astronaut office was Alan Shepard.</lex>
      <lex comment="good" lid="Id2">In 1963 Alan Shepard was Chief of the Astronaut Office.</lex>
      <lex comment="good" lid="Id3">Alan Shepard held the position of the Chief of the Astronaut Office in 1963.</lex>
    </entry>
    <entry category="Astronaut" eid="Id16" size="2">
      <originaltripleset>
        <otriple>Alan_Shepard | timeInSpace | "13017.0"(minutes)</otriple>
        <otriple>Alan_Shepard | birthPlace | New_Hampshire</otriple>
      </originaltripleset>
      <modifiedtripleset>
        <mtriple>Alan_Shepard | timeInSpace | "13017.0"(minutes)</mtriple>
        <mtriple>Alan_Shepard | birthPlace | New_Hampshire</mtriple>
      </modifiedtripleset>
      <lex comment="good" lid="Id1">Alan Shepard, born in New Hampshire, spent 13017 minutes in space.</lex>
      <lex comment="good" lid="Id2">Alan Shepard, who was born in New Hampshire has spent 13017,0 minutes in space.</lex>
      <lex comment="good" lid="Id3">Alan Shepard was born in New Hampshire and spent 13017 minutes in space.</lex>
      <lex comment="good" lid="Id4">Alan Shepard was born in New Hampshire and spent 13017.0 minutes in space.</lex>
    </entry>
    <entry category="Astronaut" eid="Id17" size="2">
      <originaltripleset>
        <otriple>Alan_Shepard | title | Chief_of_the_Astronaut_Office</otriple>
        <otriple>Alan_Shepard | birthPlace | New_Hampshire</otriple>
      </originaltripleset>
      <modifiedtripleset>
        <mtriple>Alan_Shepard | title | Chief_of_the_Astronaut_Office</mtriple>
        <mtriple>Alan_Shepard | birthPlace | New_Hampshire</mtriple>
      </modifiedtripleset>
      <lex comment="good" lid="Id1">Alan Shepard was born in New Hampshire and he served as the Chief of the Astronaut Office.</lex>
      <lex comment="good" lid="Id2">Alan Shepard, who was born in New Hampshire, later became the Chief of the Astronaut Office.</lex>
      <lex comment="good" lid="Id3">Alan Shepard , who was born in New Hampshire, held the position of the Chief of the Astronaut Office.</lex>
      <lex comment="good" lid="Id4">Alan Shepard is Chief of the Astronaut Office and was born in New Hampshire.</lex>
      <lex comment="good" lid="Id5">Alan Shepard who was born in New Hampshire held the title Chief of the Astronaut Office.</lex>
      <lex comment="good" lid="Id6">Alan Shepard, who was born in New Hampshire is the Chief of the Astronaut Office,.</lex>
    </entry>
    <entry category="Astronaut" eid="Id18" size="2">
      <originaltripleset>
        <otriple>Alan_Shepard | mission | Apollo_14</otriple>
        <otriple>Apollo_14 | operator | NASA</otriple>
      </originaltripleset>
      <modifiedtripleset>
        <mtriple>Alan_Shepard | was a crew member of | Apollo_14</mtriple>
        <mtriple>Apollo_14 | operator | NASA</mtriple>
      </modifiedtripleset>
      <lex comment="good" lid="Id1">Alan Shepard was a member of the crew of Apollo 14 which was operated by NASA.</lex>
      <lex comment="good" lid="Id2">NASA's Apollo 14 mission crew included Alan Shepard.</lex>
      <lex comment="good" lid="Id3">NASA's Apollo 14 saw Alan Shepard as one of its crew members.</lex>
      <lex comment="good" lid="Id4">Alan Shepard was a crew member of NASA's Apollo 14.</lex>
    </entry>
    <entry category="Astronaut" eid="Id19" size="2">
      <originaltripleset>
        <otriple>British_Hong_Kong | representative | Chris_Patten</otriple>
        <otriple>William_Anders | birthPlace | British_Hong_Kong</otriple>
      </originaltripleset>
      <modifiedtripleset>
        <mtriple>British_Hong_Kong | representative | Chris_Patten</mtriple>
        <mtriple>William_Anders | birthPlace | British_Hong_Kong</mtriple>
      </modifiedtripleset>
      <lex comment="good" lid="Id1">William Anders was born in British Hong Kong represented by Chris Patten.</lex>
      <lex comment="good" lid="Id2">Chris Patten is a representative of British Hong Kong which coincidentally is the birthplace of William Anders.</lex>
    </entry>
    <entry category="Astronaut" eid="Id20" size="2">
      <originaltripleset>
        <otriple>Buzz_Aldrin | alternativeNames | "Edwin E. Aldrin, Jr."</otriple>
        <otriple>Buzz_Aldrin | birthDate | "1930-01-20"</otriple>
      </originaltripleset>
      <modifiedtripleset>
        <mtriple>Buzz_Aldrin | alternativeNames | "Edwin E. Aldrin, Jr."</mtriple>
        <mtriple>Buzz_Aldrin | birthDate | "1930-01-20"</mtriple>
      </modifiedtripleset>
      <lex comment="good" lid="Id1">Edwin E. Aldrin who was born on 20th January 1930, went on to be known as Buzz Aldrin.</lex>
      <lex comment="good" lid="Id2">Edwin E. Aldrin, Jr. was commonly known as Buzz Aldrin and was born January 20, 1930.</lex>
      <lex comment="good" lid="Id3">Edwin E. Aldrin Junior's nickname was Buzz Aldrin and he was born on January 20th, 1930.</lex>
    </entry>
    <entry category="Astronaut" eid="Id21" size="2">
      <originaltripleset>
        <otriple>Buzz_Aldrin | awards | 20</otriple>
        <otriple>Buzz_Aldrin | almaMater | "Massachusetts Institute of Technology, Sc.D. 1963"</otriple>
      </originaltripleset>
      <modifiedtripleset>
        <mtriple>Buzz_Aldrin | awards | 20</mtriple>
        <mtriple>Buzz_Aldrin | almaMater | "Massachusetts Institute of Technology, Sc.D. 1963"</mtriple>
      </modifiedtripleset>
      <lex comment="good" lid="Id1">Buzz Aldrin, who graduated from Massachusetts Institute of Technology, Sc.D. in 1963, has received 20 awards.</lex>
      <lex comment="good" lid="Id2">Buzz Aldrin, who graduated from Massachusetts Institute of Technology in 1963 with a doctorate in Science, has received 20 awards.</lex>
      <lex comment="good" lid="Id3">Buzz Aldrin, who graduated from Massachusetts Institute of Technology with a Sc.D in 1963, has won 20 awards.</lex>
      <lex comment="good" lid="Id4">Buzz Aldrin graduated from the Massachusetts Institute of Technology, Sc.D. 1963 and is the recipient of 20 awards.</lex>
      <lex comment="good" lid="Id5">Buzz Aldrin graduated from Massachusetts Institute of Technology in 1963. He obtained 20 awards.</lex>
    </entry>
    <entry category="Astronaut" eid="Id22" size="2">
      <originaltripleset>
        <otriple>Buzz_Aldrin | dateOfRet | "1971-07-01"</otriple>
        <otriple>Buzz_Aldrin | timeInSpace | "52.0"(minutes)</otriple>
      </originaltripleset>
      <modifiedtripleset>
        <mtriple>Buzz_Aldrin | dateOfRetirement | "1971-07-01"</mtriple>
        <mtriple>Buzz_Aldrin | timeInSpace | "52.0"(minutes)</mtriple>
      </modifiedtripleset>
      <lex comment="good" lid="Id1">Buzz Aldrin, who retired on July 1, 1971, spent 52.0 minutes in space.</lex>
      <lex comment="good" lid="Id2">Buzz Aldrin spent 52 minutes in outer space before he retired on January 7th, 1971.</lex>
      <lex comment="good" lid="Id3">Buzz Aldrin, who retired on July 1st 1971, once spent 52 minutes in outer space.</lex>
    </entry>
    <entry category="Astronaut" eid="Id23" size="2">
      <originaltripleset>
        <otriple>Buzz_Aldrin | nationality | United_States</otriple>
        <otriple>Buzz_Aldrin | status | "Retired"</otriple>
      </originaltripleset>
      <modifiedtripleset>
        <mtriple>Buzz_Aldrin | nationality | United_States</mtriple>
        <mtriple>Buzz_Aldrin | status | "Retired"</mtriple>
      </modifiedtripleset>
      <lex comment="good" lid="Id1">The American Buzz Aldrin is now retired.</lex>
      <lex comment="good" lid="Id2">Buzz Aldrin, now retired, was born in the United States.</lex>
    </entry>
    <entry category="Astronaut" eid="Id24" size="2">
      <originaltripleset>
        <otriple>Buzz_Aldrin | nationality | United_States</otriple>
        <otriple>United_States | leaderName | Joe_Biden</otriple>
      </originaltripleset>
      <modifiedtripleset>
        <mtriple>Buzz_Aldrin | nationality | United_States</mtriple>
        <mtriple>United_States | leaderName | Joe_Biden</mtriple>
      </modifiedtripleset>
      <lex comment="good" lid="Id1">Leader, Joe Biden, and Buzz Aldrin are both American.</lex>
      <lex comment="good" lid="Id2">Buzz Aldrin is a US national led by Joe Biden.</lex>
      <lex comment="good" lid="Id3">Buzz Aldrin is united states citizen whose leader is Joe Biden.</lex>
    </entry>
    <entry category="Astronaut" eid="Id25" size="2">
      <originaltripleset>
        <otriple>Buzz_Aldrin | ribbon | "Legion of Merit ribbon.svg"</otriple>
        <otriple>Buzz_Aldrin | birthName | "Edwin Eugene Aldrin Jr."</otriple>
      </originaltripleset>
      <modifiedtripleset>
        <mtriple>Buzz_Aldrin | was awarded | "Legion of Merit ribbon.svg"</mtriple>
        <mtriple>Buzz_Aldrin | birthName | "Edwin Eugene Aldrin Jr."</mtriple>
      </modifiedtripleset>
      <lex comment="good" lid="Id1">Buzz Aldrin, real name Edwin Eugene Aldrin Jr., was awarded the Legion of Merit ribbon.</lex>
      <lex comment="good" lid="Id2">Buzz Aldrin, born Edwin Eugene Aldrin, was awarded the Legion of Merit ribbon.</lex>
      <lex comment="good" lid="Id3">Buzz Aldrin's real name is Edwin Eugene Aldrin Jr. and he won the Legion of Merit ribbon.</lex>
    </entry>
    <entry category="Astronaut" eid="Id26" size="2">
      <originaltripleset>
        <otriple>Buzz_Aldrin | selection | 1963</otriple>
        <otriple>Buzz_Aldrin | status | "Retired"</otriple>
      </originaltripleset>
      <modifiedtripleset>
        <mtriple>Buzz_Aldrin | was selected by NASA | 1963</mtriple>
        <mtriple>Buzz_Aldrin | status | "Retired"</mtriple>
      </modifiedtripleset>
      <lex comment="good" lid="Id1">Buzz Aldrin was selected to work for NASA in 1963 and has since retired.</lex>
      <lex comment="good" lid="Id2">Buzz Aldrin, now retired, was hired by NASA in 1963.</lex>
      <lex comment="good" lid="Id3">Retiree Buzz Aldrin joined NASA in 1963.</lex>
    </entry>
    <entry category="Astronaut" eid="Id27" size="2">
      <originaltripleset>
        <otriple>California | gemstone | Benitoite</otriple>
        <otriple>Alan_Shepard | deathPlace | California</otriple>
      </originaltripleset>
      <modifiedtripleset>
        <mtriple>California | gemstone | Benitoite</mtriple>
        <mtriple>Alan_Shepard | deathPlace | California</mtriple>
      </modifiedtripleset>
      <lex comment="good" lid="Id1">Alan Shepard died in California, the common place to find the gem Benitoite.</lex>
      <lex comment="good" lid="Id2">California is well known for the gemstone benitoite, and as the state where Alan Shepard died.</lex>
      <lex comment="good" lid="Id3">Alan Shepard died in California, which has as its gemstone, Benitoite.</lex>
    </entry>
    <entry category="Astronaut" eid="Id28" size="2">
      <originaltripleset>
        <otriple>Dallas | partsType | List_of_counties_in_Texas</otriple>
        <otriple>Elliot_See | birthPlace | Dallas</otriple>
      </originaltripleset>
      <modifiedtripleset>
        <mtriple>Dallas | partsType | List_of_counties_in_Texas</mtriple>
        <mtriple>Elliot_See | birthPlace | Dallas</mtriple>
      </modifiedtripleset>
      <lex comment="good" lid="Id1">Elliot See was born in Dallas, Texas.</lex>
      <lex comment="good" lid="Id2">Elliot See was born in Dallas County, Dallas Texas.</lex>
    </entry>
    <entry category="Astronaut" eid="Id29" size="2">
      <originaltripleset>
        <otriple>Distinguished_Service_Medal_(United_States_Navy) | higher | Department_of_Commerce_Gold_Medal</otriple>
        <otriple>Alan_Shepard | awards | Distinguished_Service_Medal_(United_States_Navy)</otriple>
      </originaltripleset>
      <modifiedtripleset>
        <mtriple>Distinguished_Service_Medal_(United_States_Navy) | higher | Department_of_Commerce_Gold_Medal</mtriple>
        <mtriple>Alan_Shepard | awards | Distinguished_Service_Medal_(United_States_Navy)</mtriple>
      </modifiedtripleset>
      <lex comment="good" lid="Id1">Alan Shepard's Distinguished Service Medal from the U.S. Navy ranks higher than Department of Commerce Gold Medal.</lex>
      <lex comment="good" lid="Id2">Alan Shepard was the recipient of the Distinguished Service Medal in the United States Navy and this is a medal that is ranked higher than Department of Commerce Gold Medal.</lex>
      <lex comment="toFix" lid="Id3">in the higher rank of Department of Commerce Gold Medal Alan Shepard got one of the Distinguished Service Medal of United States Navy.</lex>
    </entry>
    <entry category="Astronaut" eid="Id30" size="2">
      <originaltripleset>
        <otriple>Elliot_See | almaMater | University_of_Texas_at_Austin</otriple>
        <otriple>Elliot_See | birthDate | "1927-07-23"</otriple>
      </originaltripleset>
      <modifiedtripleset>
        <mtriple>Elliot_See | almaMater | University_of_Texas_at_Austin</mtriple>
        <mtriple>Elliot_See | birthDate | "1927-07-23"</mtriple>
      </modifiedtripleset>
      <lex comment="good" lid="Id1">Elliot See was born on July 23rd, 1927, and was a student at University of Texas at Austin.</lex>
      <lex comment="good" lid="Id2">Elliot See, who was born on July 23, 1927, graduated from the University of Texas at Austin.</lex>
      <lex comment="good" lid="Id3">Elliot See, a student at University of Texas at Austin and was born on 23rd July 1927.</lex>
    </entry>
    <entry category="Astronaut" eid="Id31" size="2">
      <originaltripleset>
        <otriple>Elliot_See | almaMater | University_of_Texas_at_Austin</otriple>
        <otriple>Elliot_See | birthPlace | Dallas</otriple>
      </originaltripleset>
      <modifiedtripleset>
        <mtriple>Elliot_See | almaMater | University_of_Texas_at_Austin</mtriple>
        <mtriple>Elliot_See | birthPlace | Dallas</mtriple>
      </modifiedtripleset>
      <lex comment="good" lid="Id1">Elliot See was was born in Dallas and was a student at University of Texas at Austin.</lex>
      <lex comment="good" lid="Id2">Elliot See graduated from the University of Texas at Austin and was also born in Dallas, Texas.</lex>
      <lex comment="good" lid="Id3">Elliot See was born in Dallas and went on to attend the University of Texas at Austin.</lex>
      <lex comment="good" lid="Id4">Dallas native Eliot See's alma mater was the University of Texas at Austin.</lex>
      <lex comment="good" lid="Id5">Elliot See graduated from the University of Texas, Austin. He was born in Dallas.</lex>
      </entry>
    <entry category="Astronaut" eid="Id32" size="2">
      <originaltripleset>
        <otriple>Elliot_See | almaMater | University_of_Texas_at_Austin</otriple>
        <otriple>University_of_Texas_at_Austin | affiliations | University_of_Texas_System</otriple>
      </originaltripleset>
      <modifiedtripleset>
        <mtriple>Elliot_See | almaMater | University_of_Texas_at_Austin</mtriple>
        <mtriple>University_of_Texas_at_Austin | affiliations | University_of_Texas_System</mtriple>
      </modifiedtripleset>
      <lex comment="good" lid="Id1">Elliot See graduated from the University of Texas at Austin, affiliated to the university of Texas system.</lex>
      <lex comment="good" lid="Id2">Elliot See was a student at the University of Texas at Austin which is part of the University of Texas system.</lex>
      <lex comment="good" lid="Id3">Elliot See graduated from the University of Texas at Austin, which is affiliated with the University of Texas System.</lex>
      <lex comment="good" lid="Id4">Elliot See's alma mater is the University of Texas at Austin which is affiliated with the University of Texas System.</lex>
    </entry>
    <entry category="Astronaut" eid="Id33" size="2">
      <originaltripleset>
        <otriple>Elliot_See | deathPlace | St._Louis</otriple>
        <otriple>Elliot_See | deathDate | "1966-02-28"</otriple>
      </originaltripleset>
      <modifiedtripleset>
        <mtriple>Elliot_See | deathPlace | St._Louis</mtriple>
        <mtriple>Elliot_See | deathDate | "1966-02-28"</mtriple>
      </modifiedtripleset>
      <lex comment="good" lid="Id1">Elliot See died on February 28, 1966, in St Louis.</lex>
      <lex comment="good" lid="Id2">Elliot See died in St Louis on February 28,1966.</lex>
      <lex comment="good" lid="Id3">Elliot See died in St Louis on February 28, 1966..</lex>
      <lex comment="good" lid="Id4">Elliot See died in St. Louis on February 28th, 1966.</lex>
      <lex comment="good" lid="Id5">Elliot See died in St. Louis on 1966-02-28.</lex>
      <lex comment="good" lid="Id6">Elliot See died in St Louis on 28/02/1966.</lex>
      <lex comment="good" lid="Id7">Elliot See passed away on 1966-02-28 in St. Louis.</lex>
    </entry>
    <entry category="Astronaut" eid="Id34" size="2">
      <originaltripleset>
        <otriple>Elliot_See | deathPlace | St._Louis</otriple>
        <otriple>Elliot_See | selection | 1962</otriple>
      </originaltripleset>
      <modifiedtripleset>
        <mtriple>Elliot_See | deathPlace | St._Louis</mtriple>
        <mtriple>Elliot_See | was selected by NASA | 1962</mtriple>
      </modifiedtripleset>
      <lex comment="good" lid="Id1">Elliot See, who worked for NASA beginning in 1962, died in St. Louis.</lex>
      <lex comment="good" lid="Id2">Elliot See joined NASA in 1962 and died in St Louis.</lex>
      <lex comment="good" lid="Id3">Elliot See, who was selected by NASA in 1962, died in St. Louis.</lex>
      <lex comment="good" lid="Id4">Elliot See, who died in St. Louis, was selected by the NASA in 1962.</lex>
      <lex comment="good" lid="Id5">In 1962 Elliot See, who died later in St. Louis, was selected by NASA.</lex>
      <lex comment="good" lid="Id6">Elliot see selected by NASA in 1962 died in St. Louis.</lex>
    </entry>
    <entry category="Astronaut" eid="Id35" size="2">
      <originaltripleset>
        <otriple>Elliot_See | deathPlace | St._Louis</otriple>
        <otriple>St._Louis | isPartOf | Kingdom_of_France</otriple>
      </originaltripleset>
      <modifiedtripleset>
        <mtriple>Elliot_See | deathPlace | St._Louis</mtriple>
        <mtriple>St._Louis | isPartOf | Kingdom_of_France</mtriple>
      </modifiedtripleset>
      <lex comment="good" lid="Id1">Elliot See died in St. Louis, the Kingdom of France.</lex>
      <lex comment="good" lid="Id2">Elliot See died in St Louis situated in the Kingdom of France.</lex>
      <lex comment="good" lid="Id3">Elliot See died in St. Louis which was once part of the Kingdom of France.</lex>
      <lex comment="good" lid="Id4">Elliot See died in St. Louis ( part of Kingdom of France).</lex>
    </entry>
    <entry category="Astronaut" eid="Id36" size="2">
      <originaltripleset>
        <otriple>Elliot_See | status | "Deceased"</otriple>
        <otriple>Elliot_See | birthPlace | Dallas</otriple>
      </originaltripleset>
      <modifiedtripleset>
        <mtriple>Elliot_See | status | "Deceased"</mtriple>
        <mtriple>Elliot_See | birthPlace | Dallas</mtriple>
      </modifiedtripleset>
      <lex comment="good" lid="Id1">Elliot See, who is now dead, was born in Dallas.</lex>
      <lex comment="good" lid="Id2">Elliot See, who was born in Dallas, has died.</lex>
      <lex comment="good" lid="Id3">Eliot See (deceased) was born in Dallas.</lex>
      <lex comment="toFix" lid="Id4">Elliot See, deceased. was born in Dallas.</lex>
      <lex comment="good" lid="Id5">Elliot See, born in Dallas, has already passed away.</lex>
    </entry>
    <entry category="Astronaut" eid="Id37" size="2">
      <originaltripleset>
        <otriple>Elliot_See | status | "Deceased"</otriple>
        <otriple>Elliot_See | deathPlace | St._Louis</otriple>
      </originaltripleset>
      <modifiedtripleset>
        <mtriple>Elliot_See | status | "Deceased"</mtriple>
        <mtriple>Elliot_See | deathPlace | St._Louis</mtriple>
      </modifiedtripleset>
      <lex comment="toFix" lid="Id1">Elliot See is died in St. Louis.</lex>
      <lex comment="good" lid="Id2">Elliot See passed away in St Louis.</lex>
      <lex comment="good" lid="Id3">Elliot See is deceased and died in St. Louis.</lex>
      <lex comment="good" lid="Id4">Elliot See died in St. Louis.</lex>
    </entry>
    <entry category="Astronaut" eid="Id38" size="2">
      <originaltripleset>
        <otriple>New_Hampshire | bird | Purple_finch</otriple>
        <otriple>Alan_Shepard | birthPlace | New_Hampshire</otriple>
      </originaltripleset>
      <modifiedtripleset>
        <mtriple>New_Hampshire | bird | Purple_finch</mtriple>
        <mtriple>Alan_Shepard | birthPlace | New_Hampshire</mtriple>
      </modifiedtripleset>
      <lex comment="good" lid="Id1">Alan Shepard was born in New Hampshire, where the purple finch is a native bird.</lex>
      <lex comment="good" lid="Id2">Alan Shepard was born in New Hampshire, a state where one can find the purple finch bird.</lex>
      <lex comment="good" lid="Id3">The purple finch is the bird of New Hampshire, the birthplace of Alan Shepard.</lex>
      <lex comment="good" lid="Id4">purple finch is the bird of New Hampshire which is the birthplace of Alan Shepard.</lex>
    </entry>
    <entry category="Astronaut" eid="Id39" size="2">
      <originaltripleset>
        <otriple>William_Anders | birthDate | "1933-10-17"</otriple>
        <otriple>William_Anders | almaMater | "AFIT, M.S. 1962"</otriple>
      </originaltripleset>
      <modifiedtripleset>
        <mtriple>William_Anders | birthDate | "1933-10-17"</mtriple>
        <mtriple>William_Anders | almaMater | "AFIT, M.S. 1962"</mtriple>
      </modifiedtripleset>
      <lex comment="good" lid="Id1">William Anders was born on the 17th of October 1933 and graduated from AFIT in 1962 with an M.S.</lex>
      <lex comment="good" lid="Id2">William Anders, who was born on the 17th of October 1933, graduated from AFIT, M.S. in 1962.</lex>
      <lex comment="good" lid="Id3">William Anders was born 1933-10-17 and he received a MS from AFIT.</lex>
      <lex comment="good" lid="Id4">William Anders (1933-10-17) graduated from AFIT, in 1962.</lex>
      <lex comment="good" lid="Id5">William Anders was born on October 17th, 1933 and his Alma Mater was AFIT, M.S. which he attended in 1962.</lex>
      <lex comment="good" lid="Id6">William Anders ( born on 1933-10-17) graduated from AFIT, M.S. in 1962.</lex>
    </entry>
    <entry category="Astronaut" eid="Id40" size="2">
      <originaltripleset>
        <otriple>William_Anders | dateOfRet | "1969-09-01"</otriple>
        <otriple>William_Anders | mission | Apollo_8</otriple>
      </originaltripleset>
      <modifiedtripleset>
        <mtriple>William_Anders | dateOfRetirement | "1969-09-01"</mtriple>
        <mtriple>William_Anders | was a crew member of | Apollo_8</mtriple>
      </modifiedtripleset>
      <lex comment="good" lid="Id1">William Anders, who crewed Apollo 8, retired on September 1st, 1969.</lex>
      <lex comment="good" lid="Id2">William Anders, who served as a crew member of Apollo 8, retired on September 1st, 1969.</lex>
      <lex comment="good" lid="Id3">William Anders was once a crew member of Apollo 8 and he retired on September 1st, 1969.</lex>
      <lex comment="good" lid="Id4">William Anders, crew member of Apollo 8 retired as of 1969-09-01.</lex>
      <lex comment="good" lid="Id5">William Anders, a crew member of Apollo 8, retired 1969/09/01.</lex>
      <lex comment="good" lid="Id6">William Anders retired the 1st of August in 1969. He was a crew member of the Apollo 8.</lex>
    </entry>
    <entry category="Astronaut" eid="Id41" size="2">
      <originaltripleset>
        <otriple>William_Anders | nationality | United_States</otriple>
        <otriple>William_Anders | birthPlace | British_Hong_Kong</otriple>
      </originaltripleset>
      <modifiedtripleset>
        <mtriple>William_Anders | nationality | United_States</mtriple>
        <mtriple>William_Anders | birthPlace | British_Hong_Kong</mtriple>
      </modifiedtripleset>
      <lex comment="good" lid="Id1">The American William Anders was born in British Hong Kong,.</lex>
      <lex comment="toFix" lid="Id2">William Anders, who was from the United States, was actually born in British Hong Kong.</lex>
      <lex comment="good" lid="Id3">Although William Anders was from the United States, he was actually born in British Hong Kong.</lex>
      <lex comment="good" lid="Id4">William Anders nationality is the United States, but he was born in Hong Kong.</lex>
      <lex comment="good" lid="Id5">William Anders was born in British Hong Kong but has a United States nationality.</lex>
      <lex comment="good" lid="Id6">William Anders from the United States was born in British Hong Kong.</lex>
      <lex comment="good" lid="Id7">William Anders was born in British Hong Kong and is a citizen of the United States.</lex>
    </entry>
    <entry category="Astronaut" eid="Id42" size="2">
      <originaltripleset>
        <otriple>William_Anders | occupation | Fighter_pilot</otriple>
        <otriple>William_Anders | birthPlace | British_Hong_Kong</otriple>
      </originaltripleset>
      <modifiedtripleset>
        <mtriple>William_Anders | occupation | Fighter_pilot</mtriple>
        <mtriple>William_Anders | birthPlace | British_Hong_Kong</mtriple>
      </modifiedtripleset>
      <lex comment="good" lid="Id1">William Anders was born in British Hong Kong and later in life became a fighter pilot.</lex>
      <lex comment="good" lid="Id2">William Anders was a fighter pilot who was born in British, Hong Kong.</lex>
      <lex comment="good" lid="Id3">William Anders (born in British Hong Kong) served as a Fighter pilot.</lex>
      <lex comment="toFix" lid="Id4">Willian Anders born in British Hong Kong served as a fighter pilot.</lex>
      <lex comment="good" lid="Id5">William Anders, born in British Hong Kong, was a fighter pilot.</lex>
    </entry>
    <entry category="Astronaut" eid="Id43" size="2">
      <originaltripleset>
        <otriple>William_Anders | occupation | Fighter_pilot</otriple>
        <otriple>William_Anders | mission | Apollo_8</otriple>
      </originaltripleset>
      <modifiedtripleset>
        <mtriple>William_Anders | occupation | Fighter_pilot</mtriple>
        <mtriple>William_Anders | was a crew member of | Apollo_8</mtriple>
      </modifiedtripleset>
      <lex comment="good" lid="Id1">William Anders is a test pilot and member of Apollo 8's crew.</lex>
      <lex comment="good" lid="Id2">William Anders was part of the Apollo 8 crew and was once a fighter pilot.</lex>
      <lex comment="good" lid="Id3">Williams Anders was a fighter pilot and a crew member of Apollo 8.</lex>
    </entry>
    <entry category="Astronaut" eid="Id44" size="2">
      <originaltripleset>
        <otriple>William_Anders | years | 1976</otriple>
        <otriple>William_Anders | title | United_States_Ambassador_to_Norway</otriple>
      </originaltripleset>
      <modifiedtripleset>
        <mtriple>William_Anders | served as Chief of the Astronaut Office in | 1976</mtriple>
        <mtriple>William_Anders | title | United_States_Ambassador_to_Norway</mtriple>
      </modifiedtripleset>
      <lex comment="good" lid="Id1">William Anders served as Chief of the Astronaut Office in 1976 and had a title as the United States Ambassador to Norway.</lex>
      <lex comment="good" lid="Id2">William Anders time as Chief of the Astronaut Office in 1976 has prepared him well for his new position as United States Ambassador to Norway.</lex>
      <lex comment="good" lid="Id3">Th United States Ambassador to Norway, William Anders, served as Chief of the Astronaut Office in 1976.</lex>
    </entry>
    <entry category="Astronaut" eid="Id45" size="2">
      <originaltripleset>
        <otriple>William_Anders | mission | Apollo_8</otriple>
        <otriple>Apollo_8 | crewMembers | Frank_Borman</otriple>
      </originaltripleset>
      <modifiedtripleset>
        <mtriple>William_Anders | was a crew member of | Apollo_8</mtriple>
        <mtriple>Apollo_8 | crewMembers | Frank_Borman</mtriple>
      </modifiedtripleset>
      <lex comment="good" lid="Id1">Both William Anders and Frank Borman were crew members aboard Apollo 8.</lex>
      <lex comment="good" lid="Id2">Both William Anders and Frank Borman served as crew members on Apollo 8.</lex>
      <lex comment="good" lid="Id3">Among the crew of Apollo 8 were William Anders and Frank Borman.</lex>
      <lex comment="good" lid="Id4">Among the crew members of Apollo 8 were William Anders and Frank Borman.</lex>
      <lex comment="good" lid="Id5">William Anders and Frank Borman were Apollo 8 were crew members.</lex>
    </entry>
    <entry category="Astronaut" eid="Id46" size="2">
      <originaltripleset>
        <otriple>William_Anders | selection | 1963</otriple>
        <otriple>William_Anders | birthDate | "1933-10-17"</otriple>
      </originaltripleset>
      <modifiedtripleset>
        <mtriple>William_Anders | was selected by NASA | 1963</mtriple>
        <mtriple>William_Anders | birthDate | "1933-10-17"</mtriple>
      </modifiedtripleset>
      <lex comment="good" lid="Id1">Born on 17 October, 1933, William Anders joined NASA in 1963.</lex>
      <lex comment="good" lid="Id2">Born on October 17, 1933, William Anders was selected by NASA in 1963.</lex>
      <lex comment="good" lid="Id3">William Anders was born on October 17th, 1933 and joined NASA in 1963.</lex>
    </entry>
  </entries>
</benchmark>